CountyId,StateId,US_State_FIPS,US_County_FIPS,US_Full_FIPS,CountyName,CustomersTracked,CustomersOut,LastUpdatedDateTime,StateName,percent_out
1,1,23,1,23001,Androscoggin,59602,0,2026-10-01T14:30:56Z,Maine,0
2,1,23,11,23011,Kennebec,75925,1,2026-10-01T16:20:56Z,Maine,0.0013170892327955218
3,1,23,NA,NA,Unknown,449,0,2026-06-07T17:30:37Z,Maine,0
4,1,23,27,23027,Waldo,26980,1,2026-10-01T16:20:56Z,Maine,0.0037064492216456637
891,1,23,7,23007,Franklin,24700,0,2026-09-30T21:40:56Z,Maine,0
906,1,23,23,23023,Sagadahoc,23026,0,2026-09-30T16:40:55Z,Maine,0
922,1,23,13,23013,Knox,27251,0,2026-10-01T15:30:57Z,Maine,0
929,1,23,5,23005,Cumberland,182407,7,2026-10-01T16:20:56Z,Maine,0.003837572023003503
931,1,23,31,23031,York,132723,46,2026-10-01T16:20:56Z,Maine,0.034658649970238764
937,1,23,25,23025,Somerset,31730,0,2026-10-01T15:30:57Z,Maine,0
974,1,23,17,23017,Oxford,44086,0,2026-09-30T22:00:55Z,Maine,0
979,1,23,15,23015,Lincoln,29091,0,2026-10-01T08:10:55Z,Maine,0
1000,1,23,21,23021,Piscataquis,15309,23,2026-10-01T16:20:57Z,Maine,0.15023842184336011
1076,1,23,19,23019,Penobscot,95255,0,2026-10-01T16:20:56Z,Maine,0
1116,1,23,9,23009,Hancock,41498,1,2026-10-01T16:20:56Z,Maine,0.0024097546869728662
2423,1,23,3,23003,Aroostook,48166,0,2026-10-01T16:20:56Z,Maine,0
2424,1,23,29,23029,Washington,35025,0,2026-10-01T16:20:57Z,Maine,0
38,2,33,NA,NA,Unknown,319,0,2026-10-01T16:20:59Z,New Hampshire,0
2390,2,33,1,33001,Belknap,46775,7,2026-10-01T16:21:00Z,New Hampshire,0.014965259219668625
2391,2,33,3,33003,Carroll,45392,1,2026-10-01T16:21:00Z,New Hampshire,0.0022030313711667252
2392,2,33,5,33005,Cheshire,43315,2,2026-10-01T16:21:00Z,New Hampshire,0.004617338104582708
2393,2,33,7,33007,Coos,24890,0,2026-10-01T16:21:00Z,New Hampshire,0
2394,2,33,9,33009,Grafton,56588,0,2026-10-01T16:21:00Z,New Hampshire,0
2395,2,33,11,33011,Hillsborough,209446,1,2026-10-01T16:20:59Z,New Hampshire,4.7745003485385253e-4
2396,2,33,13,33013,Merrimack,47660,2,2026-10-01T16:21:00Z,New Hampshire,0.00419639110365086
2397,2,33,15,33015,Rockingham,119471,25,2026-10-01T16:21:00Z,New Hampshire,0.020925580266340785
2398,2,33,17,33017,Strafford,67694,9,2026-10-01T16:21:00Z,New Hampshire,0.01329512216740036
2399,2,33,19,33019,Sullivan,26427,0,2026-10-01T16:21:00Z,New Hampshire,0
942,3,50,7,50007,Chittenden,65424,11,2026-10-01T16:21:01Z,Vermont,0.016813401809733432
2419,3,50,3,50003,Bennington,20328,0,2026-10-01T14:41:01Z,Vermont,0
2420,3,50,27,50027,Windsor,43206,129,2026-10-01T16:21:01Z,Vermont,0.2985696431051243
2421,3,50,11,50011,Franklin,21485,0,2026-10-01T16:21:01Z,Vermont,0
2422,3,50,15,50015,Lamoille,14149,4,2026-10-01T16:21:02Z,Vermont,0.028270549155417345
2431,3,50,19,50019,Orleans,17981,0,2026-10-01T16:21:01Z,Vermont,0
2432,3,50,9,50009,Essex,6061,0,2026-10-01T16:21:01Z,Vermont,0
2433,3,50,17,50017,Orange,21785,0,2026-10-01T16:21:01Z,Vermont,0
2434,3,50,25,50025,Windham,44582,6,2026-10-01T16:21:01Z,Vermont,0.013458346417836794
2438,3,50,21,50021,Rutland,38511,0,2026-10-01T15:51:06Z,Vermont,0
2439,3,50,23,50023,Washington,40908,0,2026-10-01T16:21:01Z,Vermont,0
2440,3,50,1,50001,Addison,28100,2,2026-10-01T16:21:01Z,Vermont,0.0071174377224199285
2443,3,50,NA,NA,Unknown,22869,0,2026-10-01T16:21:01Z,Vermont,0
2473,3,50,5,50005,Caledonia,12330,0,2026-10-01T16:21:01Z,Vermont,0
2492,3,50,13,50013,Grand Isle,7708,0,2026-10-01T16:21:01Z,Vermont,0
2966,4,53,77,53077,Yakima,37243,18,2026-10-01T16:25:00Z,Washington,0.04833123002980426
2967,4,53,23,53023,Garfield,1750,0,2026-10-01T16:25:26Z,Washington,0
3003,4,53,13,53013,Columbia,2943,0,2026-10-01T16:25:02Z,Washington,0
3023,4,53,71,53071,Walla Walla,22274,5,2026-10-01T16:25:02Z,Washington,0.02244769686630152
3166,4,53,37,53037,Kittitas,27046,3,2026-10-01T16:25:04Z,Washington,0.011092213266287065
3174,4,53,1,53001,Adams,7346,0,2026-10-01T16:25:18Z,Washington,0
3175,4,53,3,53003,Asotin,12439,0,2026-10-01T16:25:26Z,Washington,0
3176,4,53,25,53025,Grant,9,0,2026-10-01T16:25:18Z,Washington,0
3177,4,53,43,53043,Lincoln,9042,0,2026-10-01T16:25:18Z,Washington,0
3178,4,53,63,53063,Spokane,240217,4,2026-10-01T16:25:18Z,Washington,0.0016651610835203168
3179,4,53,65,53065,Stevens,28598,1,2026-10-01T16:25:18Z,Washington,0.0034967480243373664
3180,4,53,75,53075,Whitman,26274,0,2026-10-01T16:25:26Z,Washington,0
3183,4,53,5,53005,Benton,58787,0,2026-10-01T16:25:00Z,Washington,0
3185,4,53,51,53051,Pend Oreille,10159,0,2026-10-01T16:25:18Z,Washington,0
3189,4,53,21,53021,Franklin,34527,0,2026-10-01T16:25:18Z,Washington,0
3576,4,53,29,53029,Island,132945,1,2026-10-01T16:25:04Z,Washington,7.52190755575614e-4
3577,4,53,33,53033,King,1152952,81,2026-10-01T16:25:04Z,Washington,0.007025444250931523
3578,4,53,35,53035,Kitsap,134693,9,2026-10-01T16:25:04Z,Washington,0.006681861715159659
3579,4,53,53,53053,Pierce,364970,9,2026-10-01T16:25:05Z,Washington,0.0024659561059813136
3580,4,53,57,53057,Skagit,53248,130,2026-10-01T16:25:04Z,Washington,0.244140625
3581,4,53,67,53067,Thurston,88349,10,2026-10-01T16:25:04Z,Washington,0.01131874724105536
3582,4,53,73,53073,Whatcom,85571,0,2026-10-01T15:45:18Z,Washington,0
3614,4,53,61,53061,Snohomish,296481,24,2026-10-01T16:25:04Z,Washington,0.008094953808169833
3635,4,53,19,53019,Ferry,2078,0,2026-10-01T16:25:18Z,Washington,0
3644,4,53,9,53009,Clallam,33927,5,2026-10-01T16:25:01Z,Washington,0.014737524685353847
3645,4,53,31,53031,Jefferson,20838,0,2026-10-01T16:25:01Z,Washington,0
3646,4,53,NA,NA,Unknown,17365,0,2026-09-30T02:34:50Z,Washington,0
3648,4,53,15,53015,Cowlitz,77483,479,2026-10-01T16:25:02Z,Washington,0.618200121316934
3649,4,53,17,53017,Douglas,24626,1,2026-10-01T16:25:01Z,Washington,0.004060748802079103
3651,4,53,41,53041,Lewis,36474,4,2026-10-01T16:25:03Z,Washington,0.010966716016888742
3652,4,53,45,53045,Mason,29856,0,2026-09-30T23:25:28Z,Washington,0
3653,4,53,55,53055,San Juan,29379,0,2026-09-30T14:34:52Z,Washington,0
3663,4,53,11,53011,Clark,241002,5,2026-10-01T16:25:05Z,Washington,0.002074671579488967
4313,4,53,59,53059,Skamania,6767,0,2026-10-01T16:25:02Z,Washington,0
5276,4,53,27,53027,Grays Harbor,45600,0,2026-09-03T01:26:00Z,Washington,0
5820,4,53,39,53039,Klickitat,17013,0,2026-10-01T16:04:56Z,Washington,0
6499,4,53,47,53047,Okanogan,41,0,2025-04-09T17:53:50Z,Washington,0
6500,4,53,7,53007,Chelan,50001,12,2026-10-01T16:25:05Z,Washington,0.023999520009599807
6710,4,53,49,53049,Pacific,0,0,1900-01-01T00:00:00Z,Washington,NA
6711,4,53,69,53069,Wahkiakum,0,0,1900-01-01T00:00:00Z,Washington,NA
7186,4,53,NA,NA,Benewah,29,0,2026-10-01T16:25:00Z,Washington,0
7187,4,53,NA,NA,Bonner,2226,0,2026-10-01T16:25:00Z,Washington,0
7188,4,53,NA,NA,Kootenai,48,0,2026-10-01T16:25:00Z,Washington,0
2947,5,41,51,41051,Multnomah,142284,7,2026-10-01T16:24:56Z,Oregon,0.004919737988811111
2964,5,41,19,41019,Douglas,49137,45,2026-10-01T16:24:58Z,Oregon,0.09158068258135417
2972,5,41,33,41033,Josephine,44152,13,2026-10-01T16:24:53Z,Oregon,0.02944373980793622
2975,5,41,11,41011,Coos,32118,3,2026-10-01T16:24:58Z,Oregon,0.009340556697179151
2976,5,41,43,41043,Linn,26064,8,2026-10-01T16:24:58Z,Oregon,0.03069367710251688
2989,5,41,41,41041,Lincoln,43149,0,2026-10-01T16:24:58Z,Oregon,0
2990,5,41,53,41053,Polk,27543,10,2026-10-01T16:24:53Z,Oregon,0.03630686562829031
2991,5,41,59,41059,Umatilla,20102,1,2026-10-01T16:25:02Z,Oregon,0.0049746293901104365
2992,5,41,17,41017,Deschutes,81206,148,2026-10-01T16:24:59Z,Oregon,0.1822525429155481
2993,5,41,3,41003,Benton,30112,0,2026-10-01T14:14:44Z,Oregon,0
2994,5,41,27,41027,Hood River,8149,0,2026-09-26T20:15:14Z,Oregon,0
2995,5,41,29,41029,Jackson,30096,8,2026-10-01T16:24:53Z,Oregon,0.026581605528973953
2996,5,41,63,41063,Wallowa,5844,20,2026-10-01T16:25:26Z,Oregon,0.34223134839151265
3008,5,41,47,41047,Marion,75106,109,2026-10-01T16:24:56Z,Oregon,0.14512821878411844
3010,5,41,13,41013,Crook,15957,0,2026-10-01T16:24:58Z,Oregon,0
3012,5,41,7,41007,Clatsop,27949,36,2026-10-01T16:24:59Z,Oregon,0.1288060395720777
3013,5,41,31,41031,Jefferson,15236,0,2026-09-30T22:55:12Z,Oregon,0
3032,5,41,39,41039,Lane,90875,24,2026-10-01T16:24:59Z,Oregon,0.026409903713892707
3043,5,41,35,41035,Klamath,34418,33,2026-10-01T16:24:59Z,Oregon,0.09588006275785926
3080,5,41,21,41021,Gilliam,617,0,2026-09-27T04:55:13Z,Oregon,0
3081,5,41,49,41049,Morrow,4349,0,2026-10-01T09:14:39Z,Oregon,0
3096,5,41,55,41055,Sherman,1032,0,2026-09-27T15:55:06Z,Oregon,0
3110,5,41,37,41037,Lake,4578,0,2026-10-01T16:24:59Z,Oregon,0
3160,5,41,57,41057,Tillamook,22940,0,2026-10-01T16:24:59Z,Oregon,0
3172,5,41,65,41065,Wasco,3117,1,2026-10-01T16:24:58Z,Oregon,0.03208213025344883
3420,5,41,15,41015,Curry,13525,33,2026-10-01T16:24:54Z,Oregon,0.24399260628465808
3421,5,41,NA,NA,Unknown,79198,0,2026-10-01T16:24:54Z,Oregon,0
3615,5,41,5,41005,Clackamas,135161,24,2026-10-01T16:24:56Z,Oregon,0.017756601386494625
3616,5,41,67,41067,Washington,105818,7,2026-10-01T16:24:58Z,Oregon,0.006615131641119659
3620,5,41,1,41001,Baker,16165,2,2026-10-01T16:24:54Z,Oregon,0.012372409526755336
3621,5,41,23,41023,Grant,3565,0,2026-09-23T23:24:59Z,Oregon,0
3622,5,41,25,41025,Harney,7450,1,2026-10-01T16:24:58Z,Oregon,0.013422818791946307
3623,5,41,61,41061,Union,29611,0,2026-09-30T16:55:02Z,Oregon,0
3624,5,41,71,41071,Yamhill,32549,2,2026-10-01T16:24:59Z,Oregon,0.006144582014808442
3655,5,41,45,41045,Malheur,11263,0,2026-10-01T16:24:58Z,Oregon,0
3833,5,41,9,41009,Columbia,7001,0,2026-10-01T16:24:58Z,Oregon,0
5829,5,41,NA,NA,PAYETTE,0,0,2024-04-18T20:27:52Z,Oregon,NA
6436,5,41,NA,NA,CANYON,0,0,2025-10-10T18:13:15Z,Oregon,NA
6706,5,41,69,41069,Wheeler,0,0,1900-01-01T00:00:00Z,Oregon,NA
2910,6,6,1,06001,Alameda,657836,378,2026-10-01T16:24:24Z,California,0.05746113012969798
2911,6,6,7,06007,Butte,104106,4,2026-10-01T16:24:24Z,California,0.0038422377192476897
2912,6,6,13,06013,Contra Costa,467527,40,2026-10-01T16:24:24Z,California,0.008555655609194763
2913,6,6,17,06017,El Dorado,126536,269,2026-10-01T16:24:24Z,California,0.21258772207118923
2914,6,6,19,06019,Fresno,415879,440,2026-10-01T16:24:29Z,California,0.10580000432818198
2915,6,6,33,06033,Lake,37516,34,2026-10-01T16:24:24Z,California,0.0906279987205459
2916,6,6,41,06041,Marin,121502,140,2026-10-01T16:24:24Z,California,0.11522444074994652
2917,6,6,45,06045,Mendocino,38071,52,2026-10-01T16:24:24Z,California,0.13658690341729926
2918,6,6,47,06047,Merced,90518,1,2026-10-01T16:24:24Z,California,0.0011047526458825869
2919,6,6,51,06051,Mono,43215,28,2026-10-01T16:24:29Z,California,0.06479231748235567
2920,6,6,53,06053,Monterey,164782,501,2026-10-01T16:24:24Z,California,0.3040380624097292
2921,6,6,55,06055,Napa,64771,191,2026-10-01T16:24:24Z,California,0.2948850565839651
2922,6,6,57,06057,Nevada,63684,9,2026-10-01T16:24:24Z,California,0.014132278123233465
2923,6,6,63,06063,Plumas,31692,0,2026-10-01T16:24:24Z,California,0
2924,6,6,73,06073,San Diego,1472850,1557,2026-10-01T16:24:29Z,California,0.10571341277115795
2925,6,6,77,06077,San Joaquin,274539,63,2026-10-01T16:24:24Z,California,0.022947559363150592
2926,6,6,79,06079,San Luis Obispo,144892,130,2026-10-01T16:24:24Z,California,0.08972199983435938
2927,6,6,81,06081,San Mateo,326008,9,2026-10-01T16:24:24Z,California,0.0027606684498539913
2928,6,6,83,06083,Santa Barbara,156071,620,2026-10-01T16:24:29Z,California,0.39725509543733306
2929,6,6,85,06085,Santa Clara,735319,348,2026-10-01T16:24:24Z,California,0.04732639847467562
2930,6,6,87,06087,Santa Cruz,108890,146,2026-10-01T16:24:24Z,California,0.13408026448709706
2931,6,6,95,06095,Solano,182974,29,2026-10-01T16:24:24Z,California,0.015849246341010197
2932,6,6,97,06097,Sonoma,233133,86,2026-10-01T16:24:24Z,California,0.0368888145393402
2933,6,6,101,06101,Sutter,42202,0,2026-10-01T16:24:24Z,California,0
2934,6,6,109,06109,Tuolumne,34657,21,2026-10-01T16:24:24Z,California,0.060593819430418104
2935,6,6,NA,NA,Unknown,11221,0,2026-10-01T16:24:24Z,California,0
2936,6,6,113,06113,Yolo,96940,0,2026-10-01T16:24:24Z,California,0
2937,6,6,115,06115,Yuba,35535,0,2026-10-01T16:24:24Z,California,0
2938,6,6,11,06011,Colusa,11838,0,2026-10-01T16:24:24Z,California,0
2939,6,6,75,06075,San Francisco,415658,108,2026-10-01T16:24:24Z,California,0.025982899402874477
2940,6,6,59,06059,Orange,757658,257,2026-10-01T16:24:52Z,California,0.03392031761032022
2943,6,6,29,06029,Kern,383557,51,2026-10-01T16:24:29Z,California,0.013296589555137827
2963,6,6,5,06005,Amador,21619,0,2026-10-01T16:24:24Z,California,0
2965,6,6,61,06061,Placer,158466,51,2026-10-01T16:24:52Z,California,0.03218355988035288
2968,6,6,23,06023,Humboldt,67398,19,2026-10-01T16:24:24Z,California,0.028190747499925815
2969,6,6,93,06093,Siskiyou,22113,1,2026-10-01T16:24:29Z,California,0.004522226744448967
2977,6,6,15,06015,Del Norte,13249,0,2026-10-01T11:44:26Z,California,0
2979,6,6,39,06039,Madera,70473,81,2026-10-01T16:24:24Z,California,0.11493763569026437
2980,6,6,99,06099,Stanislaus,57379,1095,2026-10-01T16:24:53Z,California,1.9083636870632112
2987,6,6,103,06103,Tehama,32189,15,2026-10-01T16:24:24Z,California,0.0465997701078008
2997,6,6,9,06009,Calaveras,31171,11,2026-10-01T16:24:24Z,California,0.03528921112572583
3002,6,6,43,06043,Mariposa,11212,46,2026-10-01T16:24:24Z,California,0.41027470567249374
3015,6,6,37,06037,Los Angeles,4194691,1032,2026-10-01T16:24:34Z,California,0.024602527337532133
3016,6,6,71,06071,San Bernardino,1231087,199,2026-10-01T16:24:53Z,California,0.016164576508402737
3017,6,6,107,06107,Tulare,157107,88,2026-10-01T16:24:29Z,California,0.05601278109823241
3018,6,6,111,06111,Ventura,371109,222,2026-10-01T16:24:29Z,California,0.05982069957882993
3022,6,6,65,06065,Riverside,523278,39,2026-10-01T16:24:34Z,California,0.007453017325398736
3030,6,6,31,06031,Kings,60294,0,2026-10-01T16:24:24Z,California,0
3036,6,6,21,06021,Glenn,15721,0,2026-10-01T16:24:24Z,California,0
3037,6,6,89,06089,Shasta,43472,128,2026-10-01T16:24:35Z,California,0.2944423997055576
3041,6,6,69,06069,San Benito,26488,0,2026-10-01T16:24:24Z,California,0
3042,6,6,67,06067,Sacramento,627314,270,2026-10-01T16:24:35Z,California,0.043040646311097795
3048,6,6,27,06027,Inyo,20087,0,2026-09-30T03:34:19Z,California,0
3056,6,6,105,06105,Trinity,8489,55,2026-10-01T16:24:24Z,California,0.6478972788314289
3084,6,6,49,06049,Modoc,2714,0,2026-09-28T22:14:40Z,California,0
3196,6,6,3,06003,Alpine,1943,0,2026-10-01T16:24:24Z,California,0
3217,6,6,35,06035,Lassen,13517,0,2026-10-01T16:24:24Z,California,0
3402,6,6,91,06091,Sierra,25568,0,2026-10-01T16:24:24Z,California,0
3670,6,6,25,06025,Imperial,28212,0,2026-09-29T20:54:56Z,California,0
6589,6,6,NA,NA,Fauquier,1,0,2025-06-10T16:52:02Z,California,0
7201,6,6,NA,NA,ARIZONA,136,0,2026-08-04T21:03:45Z,California,0
2959,7,16,23,16023,Butte,1044,0,2026-09-24T02:14:06Z,Idaho,0
2970,7,16,29,16029,Caribou,2478,0,2026-10-01T16:23:42Z,Idaho,0
3006,7,16,19,16019,Bonneville,24464,0,2026-10-01T16:23:42Z,Idaho,0
3009,7,16,11,16011,Bingham,16420,2,2026-10-01T16:23:41Z,Idaho,0.01218026796589525
3024,7,16,65,16065,Madison,17992,0,2026-10-01T16:24:10Z,Idaho,0
3044,7,16,51,16051,Jefferson,10840,0,2026-10-01T16:24:10Z,Idaho,0
3046,7,16,7,16007,Bear Lake,4745,0,2026-09-30T18:13:41Z,Idaho,0
3047,7,16,71,16071,Oneida,3269,0,2026-10-01T16:23:43Z,Idaho,0
3052,7,16,43,16043,Fremont,12241,0,2026-10-01T16:24:10Z,Idaho,0
3054,7,16,41,16041,Franklin,6717,0,2026-10-01T16:13:47Z,Idaho,0
3083,7,16,5,16005,Bannock,43802,72,2026-10-01T16:23:41Z,Idaho,0.164376055887859
3098,7,16,33,16033,Clark,598,0,2026-10-01T16:24:12Z,Idaho,0
3181,7,16,17,16017,Bonner,38587,0,2026-10-01T16:25:18Z,Idaho,0
3182,7,16,55,16055,Kootenai,95342,42,2026-10-01T16:25:18Z,Idaho,0.0440519393341864
3184,7,16,9,16009,Benewah,5843,0,2026-10-01T16:25:26Z,Idaho,0
3566,7,16,59,16059,Lemhi,7676,0,2026-09-24T21:44:34Z,Idaho,0
3592,7,16,81,16081,Teton,10146,0,2026-10-01T16:24:10Z,Idaho,0
3636,7,16,35,16035,Clearwater,5998,0,2026-10-01T16:25:26Z,Idaho,0
3637,7,16,49,16049,Idaho,10165,0,2026-10-01T16:25:26Z,Idaho,0
3638,7,16,57,16057,Latah,21471,0,2026-10-01T16:25:26Z,Idaho,0
3639,7,16,61,16061,Lewis,2577,0,2026-10-01T16:25:26Z,Idaho,0
3640,7,16,69,16069,Nez Perce,23160,0,2026-10-01T16:25:26Z,Idaho,0
3641,7,16,79,16079,Shoshone,10314,0,2026-10-01T16:25:26Z,Idaho,0
3654,7,16,83,16083,Twin Falls,33358,0,2026-10-01T16:23:43Z,Idaho,0
3656,7,16,1,16001,Ada,125756,0,2026-10-01T15:34:23Z,Idaho,0
3657,7,16,73,16073,Owyhee,8864,0,2026-10-01T16:23:43Z,Idaho,0
3658,7,16,15,16015,Boise,20251,12,2026-10-01T16:23:41Z,Idaho,0.05925633302059157
3659,7,16,53,16053,Jerome,26288,0,2026-10-01T15:34:23Z,Idaho,0
3660,7,16,31,16031,Cassia,7412,68,2026-10-01T16:23:43Z,Idaho,0.9174311926605505
3661,7,16,27,16027,Canyon,71244,38,2026-10-01T16:23:41Z,Idaho,0.05333782493964404
3662,7,16,47,16047,Gooding,22752,0,2026-09-29T16:04:13Z,Idaho,0
3664,7,16,67,16067,Minidoka,1402,0,2026-09-23T00:43:59Z,Idaho,0
3665,7,16,77,16077,Power,1822,0,2026-10-01T16:23:43Z,Idaho,0
3667,7,16,NA,NA,Unknown,7,0,2026-09-30T03:43:43Z,Idaho,0
3668,7,16,63,16063,Lincoln,10317,0,2026-09-27T03:03:59Z,Idaho,0
3669,7,16,85,16085,Valley,14490,0,2026-09-30T22:54:09Z,Idaho,0
3687,7,16,3,16003,Adams,25941,0,2026-09-24T04:34:26Z,Idaho,0
3699,7,16,13,16013,Blaine,38022,0,2026-09-28T18:04:16Z,Idaho,0
3700,7,16,87,16087,Washington,4568,0,2026-09-22T03:06:43Z,Idaho,0
3701,7,16,39,16039,Elmore,18326,0,2026-10-01T14:33:54Z,Idaho,0
3705,7,16,45,16045,Gem,13295,0,2026-09-26T14:24:08Z,Idaho,0
3712,7,16,75,16075,Payette,15464,0,2026-09-28T19:43:51Z,Idaho,0
3849,7,16,25,16025,Camas,790,0,2026-09-08T01:43:49Z,Idaho,0
5029,7,16,NA,NA,Beaverhead,419,0,2026-09-26T17:53:30Z,Idaho,0
5055,7,16,NA,NA,Malheur,0,0,2025-10-11T17:23:32Z,Idaho,NA
5147,7,16,21,16021,Boundary,4174,0,2026-10-01T16:23:43Z,Idaho,0
5911,7,16,NA,NA,BAKER,0,0,2025-07-16T21:54:04Z,Idaho,NA
6659,7,16,37,16037,Custer,0,0,1900-01-01T00:00:00Z,Idaho,NA
6809,7,16,NA,NA,Spokane,1,0,2025-11-08T19:43:37Z,Idaho,0
7173,7,16,NA,NA,ELKO,58,0,2026-06-05T18:43:10Z,Idaho,0
3375,8,32,1,32001,Churchill,12761,0,2026-09-28T17:05:57Z,Nevada,0
3376,8,32,3,32003,Clark,132338,219,2026-10-01T16:25:06Z,Nevada,0.16548534812374374
3377,8,32,13,32013,Humboldt,10749,0,2026-10-01T16:24:58Z,Nevada,0
3378,8,32,31,32031,Washoe,125634,179,2026-10-01T16:25:06Z,Nevada,0.1424773548561695
3379,8,32,5,32005,Douglas,39081,0,2026-10-01T00:34:46Z,Nevada,0
3380,8,32,7,32007,Elko,18074,0,2026-10-01T16:23:43Z,Nevada,0
3381,8,32,19,32019,Lyon,25313,0,2026-09-30T21:54:52Z,Nevada,0
3388,8,32,27,32027,Pershing,7993,0,2026-09-29T19:35:30Z,Nevada,0
3389,8,32,NA,NA,Unknown,9051,0,2026-09-22T05:45:33Z,Nevada,0
3390,8,32,23,32023,Nye,9712,0,2026-10-01T07:44:49Z,Nevada,0
3391,8,32,21,32021,Mineral,3267,0,2026-09-24T09:55:20Z,Nevada,0
3425,8,32,29,32029,Storey,5031,0,2026-09-15T21:35:33Z,Nevada,0
3508,8,32,15,32015,Lander,3897,0,2026-09-24T04:35:34Z,Nevada,0
3565,8,32,17,32017,Lincoln,0,0,2020-07-22T18:48:10Z,Nevada,NA
3602,8,32,11,32011,Eureka,613,0,2026-09-10T21:16:32Z,Nevada,0
3610,8,32,33,32033,White Pine,0,0,2020-08-14T16:35:48Z,Nevada,NA
3856,8,32,9,32009,Esmeralda,5630,0,2026-09-30T18:24:53Z,Nevada,0
5231,8,32,510,32510,Carson City,8175,0,2026-10-01T03:14:39Z,Nevada,0
6413,8,32,NA,NA,Sierra,59,0,2026-01-07T22:14:33Z,Nevada,0
2948,9,49,11,49011,Davis,50203,0,2026-10-01T16:23:44Z,Utah,0
2949,9,49,35,49035,Salt Lake,91704,110,2026-10-01T16:23:44Z,Utah,0.11995114716915292
2956,9,49,47,49047,Uintah,17508,0,2026-09-30T23:13:40Z,Utah,0
2958,9,49,57,49057,Weber,40536,32,2026-10-01T16:23:44Z,Utah,0.07894217485691732
2960,9,49,45,49045,Tooele,13773,0,2026-10-01T01:13:38Z,Utah,0
2971,9,49,1,49001,Beaver,2490,0,2026-09-30T21:43:48Z,Utah,0
2973,9,49,49,49049,Utah,26609,43,2026-10-01T16:23:44Z,Utah,0.16159945882971927
2974,9,49,5,49005,Cache,15261,1,2026-10-01T16:23:44Z,Utah,0.0065526505471463214
2978,9,49,43,49043,Summit,17363,0,2026-10-01T01:53:43Z,Utah,0
2981,9,49,33,49033,Rich,3989,0,2026-09-24T20:24:09Z,Utah,0
2982,9,49,3,49003,Box Elder,8316,0,2026-10-01T16:23:43Z,Utah,0
2983,9,49,19,49019,Grand,7376,0,2026-09-29T17:53:59Z,Utah,0
2984,9,49,NA,NA,Mesa,1,0,2026-08-26T16:23:30Z,Utah,0
2985,9,49,37,49037,San Juan,1744,0,2026-09-18T19:14:01Z,Utah,0
3004,9,49,53,49053,Washington,45586,0,2026-10-01T16:23:44Z,Utah,0
3007,9,49,7,49007,Carbon,4624,0,2026-10-01T00:53:41Z,Utah,0
3014,9,49,29,49029,Morgan,3333,0,2026-09-30T23:54:56Z,Utah,0
3021,9,49,21,49021,Iron,17702,0,2026-10-01T16:23:44Z,Utah,0
3028,9,49,41,49041,Sevier,7614,0,2026-09-27T22:23:55Z,Utah,0
3045,9,49,15,49015,Emery,2763,1,2026-10-01T16:23:44Z,Utah,0.036192544335866814
3050,9,49,27,49027,Millard,4367,0,2026-10-01T16:23:44Z,Utah,0
3053,9,49,39,49039,Sanpete,2810,17,2026-10-01T16:23:44Z,Utah,0.6049822064056939
3093,9,49,51,49051,Wasatch,3349,0,2026-09-29T17:13:50Z,Utah,0
3095,9,49,23,49023,Juab,1586,0,2026-09-28T16:53:58Z,Utah,0
3161,9,49,31,49031,Piute,1843,0,2026-09-22T16:54:04Z,Utah,0
3200,9,49,17,49017,Garfield,4686,0,2026-09-29T22:35:33Z,Utah,0
3374,9,49,13,49013,Duchesne,13067,0,2026-09-18T14:14:42Z,Utah,0
5105,9,49,9,49009,Daggett,239,0,2026-09-18T14:14:42Z,Utah,0
5111,9,49,NA,NA,Unknown,22,0,2025-06-25T14:53:09Z,Utah,0
6708,9,49,25,49025,Kane,11325,0,2026-09-30T18:25:11Z,Utah,0
6709,9,49,55,49055,Wayne,1281,0,2026-09-30T23:35:09Z,Utah,0
3499,10,4,13,04013,Maricopa,1292066,96,2026-10-01T16:24:09Z,Arizona,0.007429961008183793
3500,10,4,25,04025,Yavapai,110516,0,2026-10-01T15:53:53Z,Arizona,0
3501,10,4,27,04027,Yuma,34527,143,2026-10-01T16:23:46Z,Arizona,0.41416862165841223
3503,10,4,5,04005,Coconino,41126,0,2026-09-30T10:33:34Z,Arizona,0
3504,10,4,21,04021,Pinal,119189,0,2026-10-01T16:23:47Z,Arizona,0
3505,10,4,7,04007,Gila,45418,0,2026-09-30T21:43:49Z,Arizona,0
3506,10,4,17,04017,Navajo,50252,0,2026-10-01T05:03:55Z,Arizona,0
3507,10,4,19,04019,Pima,51324,21,2026-10-01T16:23:47Z,Arizona,0.04091653027823241
3521,10,4,3,04003,Cochise,43418,0,2026-10-01T16:23:47Z,Arizona,0
3523,10,4,12,04012,La Paz,11490,0,2026-09-29T14:33:59Z,Arizona,0
3526,10,4,NA,NA,Unknown,10420,0,2026-10-01T16:23:47Z,Arizona,0
3888,10,4,1,04001,Apache,15947,0,2026-07-29T19:23:25Z,Arizona,0
3889,10,4,15,04015,Mohave,53771,4,2026-10-01T16:23:46Z,Arizona,0.007438954083055922
3890,10,4,23,04023,Santa Cruz,2245,0,2026-10-01T16:23:47Z,Arizona,0
5461,10,4,9,04009,Graham,625,0,2026-08-10T19:43:57Z,Arizona,0
6653,10,4,11,04011,Greenlee,0,0,1900-01-01T00:00:00Z,Arizona,NA
7203,10,4,NA,NA,San Bernardino,189,0,2026-08-13T01:53:25Z,Arizona,0
3593,11,30,31,30031,Gallatin,30232,2,2026-10-01T16:24:13Z,Montana,0.006615506747816882
3594,11,30,57,30057,Madison,13077,0,2026-10-01T16:24:12Z,Montana,0
3642,11,30,61,30061,Mineral,5017,0,2026-10-01T16:25:18Z,Montana,0
3643,11,30,89,30089,Sanders,9597,0,2026-10-01T16:25:18Z,Montana,0
4535,11,30,21,30021,Dawson,2856,0,2026-10-01T16:24:11Z,Montana,0
4539,11,30,85,30085,Roosevelt,4200,0,2026-10-01T16:24:11Z,Montana,0
4542,11,30,87,30087,Rosebud,4168,0,2026-10-01T16:24:11Z,Montana,0
4543,11,30,NA,NA,Unknown,459,0,2026-10-01T16:24:12Z,Montana,0
4544,11,30,91,30091,Sheridan,2192,2,2026-10-01T16:25:26Z,Montana,0.09124087591240876
4549,11,30,83,30083,Richland,7606,10,2026-10-01T16:24:11Z,Montana,0.13147515119642386
4561,11,30,17,30017,Custer,5756,0,2026-10-01T16:24:11Z,Montana,0
4574,11,30,19,30019,Daniels,1215,0,2026-09-30T22:15:08Z,Montana,0
4575,11,30,25,30025,Fallon,1187,0,2026-10-01T16:24:11Z,Montana,0
4586,11,30,29,30029,Flathead,60854,3,2026-10-01T16:24:12Z,Montana,0.00492983205705459
4587,11,30,47,30047,Lake,29422,0,2026-10-01T16:24:11Z,Montana,0
4588,11,30,63,30063,Missoula,39129,0,2026-10-01T16:24:11Z,Montana,0
4669,11,30,109,30109,Wibaux,395,0,2026-08-18T00:23:46Z,Montana,0
4688,11,30,81,30081,Ravalli,23545,3,2026-10-01T16:24:13Z,Montana,0.012741558717349756
5108,11,30,79,30079,Prairie,963,0,2026-10-01T16:24:11Z,Montana,0
5156,11,30,53,30053,Lincoln,18198,0,2026-10-01T16:24:12Z,Montana,0
5167,11,30,13,30013,Cascade,17381,3,2026-10-01T16:24:13Z,Montana,0.017260226684310456
5168,11,30,23,30023,Deer Lodge,4763,0,2026-09-24T15:44:55Z,Montana,0
5169,11,30,71,30071,Phillips,2757,0,2026-09-26T08:54:10Z,Montana,0
5172,11,30,41,30041,Hill,9341,0,2026-10-01T16:24:11Z,Montana,0
5173,11,30,111,30111,Yellowstone,30973,2,2026-10-01T16:24:12Z,Montana,0.006457236948309819
5174,11,30,93,30093,Silver Bow,7345,15,2026-10-01T16:24:13Z,Montana,0.2042205582028591
5175,11,30,77,30077,Powell,4062,0,2026-10-01T16:24:11Z,Montana,0
5181,11,30,43,30043,Jefferson,8067,0,2026-10-01T16:24:12Z,Montana,0
5182,11,30,73,30073,Pondera,3253,0,2026-09-30T17:54:18Z,Montana,0
5183,11,30,5,30005,Blaine,3863,0,2026-10-01T16:24:12Z,Montana,0
5186,11,30,39,30039,Granite,4022,0,2026-10-01T16:24:11Z,Montana,0
5189,11,30,97,30097,Sweet Grass,2066,0,2026-10-01T16:24:12Z,Montana,0
5191,11,30,49,30049,Lewis And Clark,38122,0,2026-10-01T16:24:12Z,Montana,0
5193,11,30,15,30015,Chouteau,3953,0,2026-10-01T16:24:12Z,Montana,0
5194,11,30,99,30099,Teton,3746,0,2026-09-24T16:54:43Z,Montana,0
5195,11,30,7,30007,Broadwater,4529,97,2026-10-01T16:24:13Z,Montana,2.1417531463899313
5196,11,30,59,30059,Meagher,3096,0,2026-10-01T16:24:12Z,Montana,0
5198,11,30,105,30105,Valley,3514,0,2026-09-14T23:04:21Z,Montana,0
5200,11,30,51,30051,Liberty,1269,0,2026-10-01T16:24:11Z,Montana,0
5201,11,30,27,30027,Fergus,8277,2,2026-10-01T16:24:12Z,Montana,0.024163344206838227
5203,11,30,45,30045,Judith Basin,2050,7,2026-10-01T16:24:12Z,Montana,0.34146341463414637
5204,11,30,67,30067,Park,9652,2,2026-10-01T16:24:13Z,Montana,0.020721094073767096
5207,11,30,107,30107,Wheatland,1650,1,2026-10-01T16:24:12Z,Montana,0.06060606060606061
5208,11,30,65,30065,Musselshell,3894,2,2026-10-01T16:24:13Z,Montana,0.05136106831022085
5209,11,30,37,30037,Golden Valley,867,0,2026-10-01T16:24:12Z,Montana,0
5210,11,30,95,30095,Stillwater,6382,0,2026-10-01T16:24:12Z,Montana,0
5211,11,30,9,30009,Carbon,11207,0,2026-10-01T16:24:12Z,Montana,0
5212,11,30,3,30003,Big Horn,2739,1,2026-10-01T16:24:18Z,Montana,0.03650967506389193
5214,11,30,1,30001,Beaverhead,7773,2,2026-10-01T16:24:12Z,Montana,0.025730091341824263
5271,11,30,75,30075,Powder River,1720,0,2026-10-01T16:24:18Z,Montana,0
5442,11,30,11,30011,Carter,7,0,2026-10-01T16:24:11Z,Montana,0
6506,11,30,101,30101,Toole,1,0,2026-05-15T00:15:24Z,Montana,0
6544,11,30,33,30033,Garfield,5,0,2024-12-10T21:36:55Z,Montana,0
6551,11,30,103,30103,Treasure,8,0,2026-10-01T16:24:12Z,Montana,0
6667,11,30,35,30035,Glacier,0,0,1900-01-01T00:00:00Z,Montana,NA
6668,11,30,55,30055,McCone,0,0,1900-01-01T00:00:00Z,Montana,NA
6669,11,30,69,30069,Petroleum,457,0,2026-10-01T16:24:12Z,Montana,0
6958,11,30,NA,NA,McKenzie,51,0,2026-08-20T18:33:24Z,Montana,0
2957,12,56,17,56017,Hot Springs,3313,0,2026-10-01T16:24:18Z,Wyoming,0
2961,12,56,25,56025,Natrona,44629,3,2026-10-01T16:24:18Z,Wyoming,0.00672208653566067
2998,12,56,1,56001,Albany,13751,0,2026-10-01T16:25:25Z,Wyoming,0
2999,12,56,37,56037,Sweetwater,11957,0,2026-09-30T23:24:25Z,Wyoming,0
3001,12,56,9,56009,Converse,8741,0,2026-10-01T16:13:51Z,Wyoming,0
3011,12,56,19,56019,Johnson,7154,0,2026-10-01T16:24:18Z,Wyoming,0
3026,12,56,29,56029,Park,4349,0,2026-10-01T16:24:18Z,Wyoming,0
3027,12,56,13,56013,Fremont,16011,4,2026-10-01T16:24:18Z,Wyoming,0.024982824308288056
3035,12,56,7,56007,Carbon,9700,87,2026-10-01T16:24:18Z,Wyoming,0.8969072164948454
3051,12,56,23,56023,Lincoln,13217,0,2026-10-01T16:23:42Z,Wyoming,0
3055,12,56,35,56035,Sublette,6489,0,2026-10-01T16:23:42Z,Wyoming,0
3075,12,56,31,56031,Platte,816,0,2026-09-21T22:34:30Z,Wyoming,0
3094,12,56,43,56043,Washakie,3486,1,2026-10-01T16:24:18Z,Wyoming,0.028686173264486515
3109,12,56,3,56003,Big Horn,2393,0,2026-10-01T16:24:18Z,Wyoming,0
3188,12,56,41,56041,Uinta,6934,0,2026-09-30T16:54:08Z,Wyoming,0
3595,12,56,39,56039,Teton,17693,0,2026-10-01T16:24:18Z,Wyoming,0
3734,12,56,33,56033,Sheridan,13171,1,2026-10-01T16:24:18Z,Wyoming,0.007592437931819907
3857,12,56,5,56005,Campbell,12528,33,2026-10-01T16:24:18Z,Wyoming,0.26340996168582376
4614,12,56,21,56021,Laramie,30214,0,2026-10-01T16:25:25Z,Wyoming,0
4617,12,56,NA,NA,Unknown,107,0,2026-09-28T08:24:58Z,Wyoming,0
4845,12,56,45,56045,Weston,5805,0,2026-10-01T16:24:18Z,Wyoming,0
5265,12,56,11,56011,Crook,6746,0,2026-10-01T16:24:18Z,Wyoming,0
6274,12,56,15,56015,Goshen,3554,9,2026-10-01T16:24:18Z,Wyoming,0.25323579065841306
6313,12,56,27,56027,Niobrara,1,0,2025-08-12T17:52:44Z,Wyoming,0
1504,13,38,17,38017,Cass,116160,16,2026-10-01T16:25:23Z,North Dakota,0.013774104683195591
1755,13,38,101,38101,Ward,26104,1,2026-10-01T16:25:23Z,North Dakota,0.0038308305240576154
1817,13,38,35,38035,Grand Forks,40663,0,2026-10-01T16:25:23Z,North Dakota,0
2344,13,38,97,38097,Traill,6214,19,2026-10-01T16:27:44Z,North Dakota,0.3057611844222723
3537,13,38,3,38003,Barnes,3512,1,2026-10-01T16:25:23Z,North Dakota,0.02847380410022779
3538,13,38,5,38005,Benson,3469,0,2026-10-01T16:25:23Z,North Dakota,0
3539,13,38,9,38009,Bottineau,2373,0,2026-10-01T16:25:23Z,North Dakota,0
3540,13,38,15,38015,Burleigh,27266,0,2026-10-01T16:25:23Z,North Dakota,0
3541,13,38,19,38019,Cavalier,1979,0,2026-10-01T16:25:23Z,North Dakota,0
3542,13,38,27,38027,Eddy,1790,0,2026-10-01T16:25:23Z,North Dakota,0
3543,13,38,31,38031,Foster,2377,0,2026-10-01T16:25:23Z,North Dakota,0
3544,13,38,39,38039,Griggs,1857,0,2026-10-01T16:25:23Z,North Dakota,0
3545,13,38,43,38043,Kidder,2489,0,2026-10-01T16:25:23Z,North Dakota,0
3546,13,38,69,38069,Pierce,2501,0,2026-10-01T16:25:23Z,North Dakota,0
3547,13,38,71,38071,Ramsey,7140,1,2026-10-01T16:25:23Z,North Dakota,0.014005602240896357
3548,13,38,79,38079,Rolette,4123,4,2026-10-01T16:25:23Z,North Dakota,0.09701673538685424
3549,13,38,93,38093,Stutsman,12539,5,2026-10-01T16:25:23Z,North Dakota,0.03987558816492544
3550,13,38,95,38095,Towner,1706,0,2026-10-01T16:25:23Z,North Dakota,0
3551,13,38,103,38103,Wells,2858,0,2026-10-01T16:25:23Z,North Dakota,0
3552,13,38,49,38049,Mchenry,2165,0,2026-10-01T16:25:23Z,North Dakota,0
3558,13,38,NA,NA,Unknown,9032,0,2026-10-01T16:23:38Z,North Dakota,0
3599,13,38,73,38073,Ransom,3589,0,2026-10-01T16:25:23Z,North Dakota,0
3843,13,38,77,38077,Richland,9996,1,2026-10-01T16:27:43Z,North Dakota,0.010004001600640256
4492,13,38,81,38081,Sargent,2883,3,2026-10-01T16:25:23Z,North Dakota,0.10405827263267431
4495,13,38,99,38099,Walsh,3710,0,2026-10-01T16:25:23Z,North Dakota,0
4531,13,38,105,38105,Williams,21496,7,2026-10-01T16:24:11Z,North Dakota,0.032564197990323784
4532,13,38,57,38057,Mercer,5662,0,2026-10-01T16:23:38Z,North Dakota,0
4537,13,38,67,38067,Pembina,4087,1,2026-10-01T16:25:23Z,North Dakota,0.024467824810374357
4545,13,38,29,38029,Emmons,3162,0,2026-10-01T16:23:38Z,North Dakota,0
4546,13,38,89,38089,Stark,16178,0,2026-10-01T16:23:38Z,North Dakota,0
4547,13,38,13,38013,Burke,2633,0,2026-10-01T16:23:38Z,North Dakota,0
4550,13,38,25,38025,Dunn,4961,0,2026-10-01T16:23:38Z,North Dakota,0
4551,13,38,51,38051,Mcintosh,2369,0,2026-10-01T16:23:38Z,North Dakota,0
4552,13,38,75,38075,Renville,1574,0,2026-10-01T16:25:23Z,North Dakota,0
4553,13,38,55,38055,Mclean,3753,0,2026-10-01T16:25:23Z,North Dakota,0
4554,13,38,61,38061,Mountrail,10338,3,2026-10-01T16:25:23Z,North Dakota,0.02901915264074289
4555,13,38,63,38063,Nelson,1978,1,2026-10-01T16:25:23Z,North Dakota,0.05055611729019212
4556,13,38,53,38053,Mckenzie,7310,0,2026-10-01T16:24:11Z,North Dakota,0
4565,13,38,21,38021,Dickey,2753,0,2026-10-01T16:25:23Z,North Dakota,0
4576,13,38,37,38037,Grant,2560,0,2026-10-01T16:23:38Z,North Dakota,0
4577,13,38,91,38091,Steele,1326,0,2026-10-01T16:25:23Z,North Dakota,0
4578,13,38,83,38083,Sheridan,734,0,2026-10-01T16:25:23Z,North Dakota,0
4581,13,38,65,38065,Oliver,1473,0,2026-10-01T16:23:38Z,North Dakota,0
4592,13,38,23,38023,Divide,2796,1,2026-10-01T16:25:26Z,North Dakota,0.035765379113018594
4599,13,38,45,38045,Lamoure,2633,1,2026-10-01T16:25:23Z,North Dakota,0.0379794910748196
4600,13,38,47,38047,Logan,1283,0,2026-10-01T16:25:23Z,North Dakota,0
4603,13,38,1,38001,Adams,1832,0,2026-09-29T06:06:12Z,North Dakota,0
4604,13,38,59,38059,Morton,9650,0,2026-10-01T16:23:38Z,North Dakota,0
4618,13,38,33,38033,Golden Valley,858,0,2026-10-01T16:23:38Z,North Dakota,0
4663,13,38,11,38011,Bowman,2785,0,2026-09-18T08:04:09Z,North Dakota,0
4847,13,38,85,38085,Sioux,1780,0,2026-10-01T16:23:38Z,North Dakota,0
4944,13,38,41,38041,Hettinger,1930,0,2026-09-18T08:04:09Z,North Dakota,0
5165,13,38,87,38087,Slope,819,0,2026-10-01T16:23:38Z,North Dakota,0
6138,13,38,7,38007,Billings,1818,0,2026-10-01T16:23:38Z,North Dakota,0
7206,13,38,NA,NA,Roosevelt,3,0,2026-08-26T17:54:37Z,North Dakota,0
1689,14,46,99,46099,Minnehaha,111041,6,2026-10-01T16:25:26Z,South Dakota,0.005403409551426951
1796,14,46,83,46083,Lincoln,44747,1,2026-10-01T16:25:26Z,South Dakota,0.0022347866896104767
1820,14,46,97,46097,Miner,1591,0,2026-09-30T14:45:13Z,South Dakota,0
1831,14,46,61,46061,Hanson,2305,0,2026-09-19T01:15:28Z,South Dakota,0
1855,14,46,125,46125,Turner,4200,3,2026-10-01T16:25:26Z,South Dakota,0.07142857142857142
2166,14,46,79,46079,Lake,3638,0,2026-10-01T16:25:26Z,South Dakota,0
2318,14,46,87,46087,Mccook,5255,0,2026-10-01T16:25:26Z,South Dakota,0
2359,14,46,101,46101,Moody,1829,5,2026-10-01T16:25:26Z,South Dakota,0.2733734281027884
3422,14,46,67,46067,Hutchinson,7852,0,2026-09-30T20:53:38Z,South Dakota,0
3423,14,46,111,46111,Sanborn,1792,0,2026-09-04T21:34:11Z,South Dakota,0
3586,14,46,11,46011,Brookings,4104,0,2026-10-01T16:25:26Z,South Dakota,0
3587,14,46,77,46077,Kingsbury,2500,0,2026-10-01T16:25:26Z,South Dakota,0
3590,14,46,39,46039,Deuel,2312,1,2026-10-01T16:25:26Z,South Dakota,0.043252595155709346
3591,14,46,57,46057,Hamlin,2619,0,2026-10-01T16:25:26Z,South Dakota,0
4493,14,46,91,46091,Marshall,2922,1,2026-10-01T16:27:43Z,South Dakota,0.034223134839151265
4497,14,46,19,46019,Butte,5174,88,2026-10-01T16:23:40Z,South Dakota,1.7008117510630072
4498,14,46,37,46037,Day,5050,0,2026-10-01T16:25:23Z,South Dakota,0
4499,14,46,63,46063,Harding,1962,0,2026-10-01T16:23:40Z,South Dakota,0
4500,14,46,93,46093,Meade,17573,0,2026-10-01T16:23:40Z,South Dakota,0
4501,14,46,103,46103,Pennington,65695,0,2026-10-01T16:25:23Z,South Dakota,0
4503,14,46,13,46013,Brown,7373,0,2026-10-01T16:23:40Z,South Dakota,0
4504,14,46,31,46031,Corson,2005,0,2026-09-29T02:13:32Z,South Dakota,0
4505,14,46,105,46105,Perkins,3132,0,2026-10-01T16:23:40Z,South Dakota,0
4506,14,46,109,46109,Roberts,5760,0,2026-10-01T16:27:43Z,South Dakota,0
4507,14,46,115,46115,Spink,1873,7,2026-10-01T16:24:13Z,South Dakota,0.37373198077949815
4511,14,46,25,46025,Clark,2270,0,2026-10-01T16:23:40Z,South Dakota,0
4512,14,46,51,46051,Grant,3344,0,2026-10-01T16:25:23Z,South Dakota,0
4513,14,46,137,46137,Ziebach,2710,0,2026-09-30T07:23:31Z,South Dakota,0
4515,14,46,55,46055,Haakon,1706,0,2026-09-01T19:44:21Z,South Dakota,0
4516,14,46,71,46071,Jackson,1127,0,2026-09-01T19:44:21Z,South Dakota,0
4517,14,46,75,46075,Jones,953,0,2026-09-01T19:44:21Z,South Dakota,0
4518,14,46,85,46085,Lyman,2583,0,2026-10-01T16:23:40Z,South Dakota,0
4519,14,46,95,46095,Mellette,1132,0,2026-10-01T16:23:40Z,South Dakota,0
4520,14,46,117,46117,Stanley,768,0,2026-09-01T19:44:21Z,South Dakota,0
4521,14,46,123,46123,Tripp,3133,0,2026-10-01T16:23:40Z,South Dakota,0
4522,14,46,73,46073,Jerauld,1035,0,2026-08-15T17:43:35Z,South Dakota,0
4524,14,46,15,46015,Brule,3262,5,2026-10-01T16:24:13Z,South Dakota,0.15328019619865113
4526,14,46,17,46017,Buffalo,896,0,2026-06-02T14:13:37Z,South Dakota,0
4527,14,46,3,46003,Aurora,1893,0,2026-07-27T04:14:05Z,South Dakota,0
4528,14,46,35,46035,Davison,7822,0,2026-09-23T21:24:23Z,South Dakota,0
4557,14,46,45,46045,Edmunds,1351,0,2026-09-17T15:26:26Z,South Dakota,0
4560,14,46,81,46081,Lawrence,19541,0,2026-10-01T16:23:39Z,South Dakota,0
4562,14,46,127,46127,Union,5817,0,2026-09-29T16:43:49Z,South Dakota,0
4563,14,46,129,46129,Walworth,2667,0,2026-10-01T14:45:10Z,South Dakota,0
4564,14,46,49,46049,Faulk,1238,0,2026-09-17T15:26:24Z,South Dakota,0
4567,14,46,21,46021,Campbell,604,0,2026-10-01T09:25:01Z,South Dakota,0
4582,14,46,107,46107,Potter,1093,0,2026-09-21T18:45:49Z,South Dakota,0
4583,14,46,NA,NA,Unknown,37,0,2026-09-20T17:26:47Z,South Dakota,0
4584,14,46,135,46135,Yankton,4913,0,2026-10-01T15:53:46Z,South Dakota,0
4605,14,46,27,46027,Clay,100,0,2026-09-24T21:44:33Z,South Dakota,0
4619,14,46,33,46033,Custer,8885,0,2026-10-01T16:23:39Z,South Dakota,0
4627,14,46,47,46047,Fall River,6014,0,2026-10-01T16:23:39Z,South Dakota,0
4667,14,46,29,46029,Codington,1621,0,2026-10-01T16:25:23Z,South Dakota,0
4672,14,46,89,46089,Mcpherson,948,0,2026-09-30T22:44:58Z,South Dakota,0
4846,14,46,102,46102,Oglala Lakota,2498,0,2026-10-01T16:23:39Z,South Dakota,0
5197,14,46,5,46005,Beadle,8927,0,2026-09-30T16:13:53Z,South Dakota,0
5199,14,46,9,46009,Bon Homme,1871,0,2026-09-09T22:14:17Z,South Dakota,0
5202,14,46,23,46023,Charles Mix,4521,0,2026-09-30T23:14:09Z,South Dakota,0
5213,14,46,43,46043,Douglas,1133,0,2026-08-17T15:23:47Z,South Dakota,0
5238,14,46,65,46065,Hughes,476,0,2026-09-24T23:45:03Z,South Dakota,0
5254,14,46,NA,NA,Barber,0,0,2024-12-31T15:14:50Z,South Dakota,NA
5255,14,46,NA,NA,Comanche,0,0,2024-12-31T15:14:50Z,South Dakota,NA
5256,14,46,NA,NA,Edwards,0,0,2024-12-31T15:14:50Z,South Dakota,NA
5257,14,46,NA,NA,Harper,0,0,2024-12-31T15:14:50Z,South Dakota,NA
5258,14,46,NA,NA,Kingman,0,0,2024-12-31T15:14:50Z,South Dakota,NA
5259,14,46,NA,NA,Kiowa,0,0,2024-12-31T15:14:50Z,South Dakota,NA
5260,14,46,NA,NA,Pawnee,0,0,2024-12-31T15:14:50Z,South Dakota,NA
5261,14,46,NA,NA,Pratt,0,0,2024-12-31T15:14:50Z,South Dakota,NA
5262,14,46,NA,NA,Reno,0,0,2024-12-31T15:14:50Z,South Dakota,NA
5263,14,46,NA,NA,Stafford,0,0,2024-12-31T15:14:50Z,South Dakota,NA
5279,14,46,69,46069,Hyde,1155,0,2026-10-01T07:33:32Z,South Dakota,0
5482,14,46,59,46059,Hand,347,0,2026-09-30T19:24:11Z,South Dakota,0
5789,14,46,NA,NA,Adams,21,0,2026-08-30T22:45:10Z,South Dakota,0
5912,14,46,53,46053,Gregory,3151,0,2026-10-01T16:23:40Z,South Dakota,0
5915,14,46,7,46007,Bennett,102,0,2026-04-22T20:13:31Z,South Dakota,0
6320,14,46,121,46121,Todd,3395,1,2026-10-01T16:23:40Z,South Dakota,0.029455081001472753
6437,14,46,41,46041,Dewey,2485,0,2026-09-30T02:43:40Z,South Dakota,0
6439,14,46,NA,NA,Boyd,1,0,2026-10-01T16:23:40Z,South Dakota,0
6707,14,46,119,46119,Sully,2,0,2026-09-01T17:24:21Z,South Dakota,0
6810,14,46,NA,NA,Crook,20,0,2026-03-25T00:03:41Z,South Dakota,0
1505,15,8,1,08001,Adams,254356,25,2026-10-01T16:25:22Z,Colorado,0.009828743965151206
1506,15,8,5,08005,Arapahoe,461638,143,2026-10-01T16:25:22Z,Colorado,0.030976652701900625
1507,15,8,59,08059,Jefferson,392749,81,2026-10-01T16:25:22Z,Colorado,0.020623859004096762
1523,15,8,87,08087,Morgan,10068,0,2026-10-01T16:24:18Z,Colorado,0
1570,15,8,31,08031,Denver,382980,164,2026-10-01T16:25:23Z,Colorado,0.042822079481957286
1579,15,8,123,08123,Weld,210543,3,2026-10-01T16:25:25Z,Colorado,0.0014248870776990923
1661,15,8,37,08037,Eagle,43639,60,2026-10-01T16:25:22Z,Colorado,0.13749169321020188
1706,15,8,14,08014,Broomfield,44418,0,2026-10-01T15:25:15Z,Colorado,0
1707,15,8,35,08035,Douglas,89707,0,2026-10-01T16:24:14Z,Colorado,0
1712,15,8,93,08093,Park,9811,12,2026-10-01T16:25:22Z,Colorado,0.12231169095912751
1718,15,8,117,08117,Summit,52215,27,2026-10-01T16:25:23Z,Colorado,0.05170927894283252
1720,15,8,19,08019,Clear Creek,11983,4,2026-10-01T16:25:23Z,Colorado,0.03338062254861053
1724,15,8,77,08077,Mesa,97910,6,2026-10-01T16:25:22Z,Colorado,0.006128076805229292
1736,15,8,21,08021,Conejos,11091,1,2026-10-01T16:25:22Z,Colorado,0.00901631953836444
1766,15,8,13,08013,Boulder,198847,36,2026-10-01T16:25:23Z,Colorado,0.01810437170286703
1769,15,8,105,08105,Rio Grande,14138,3,2026-10-01T16:24:17Z,Colorado,0.021219408685811292
1795,15,8,65,08065,Lake,9939,4,2026-10-01T16:25:23Z,Colorado,0.04024549753496328
1799,15,8,45,08045,Garfield,43908,18,2026-10-01T16:24:16Z,Colorado,0.04099480732440558
1815,15,8,15,08015,Chaffee,21255,0,2026-09-30T17:55:15Z,Colorado,0
1819,15,8,75,08075,Logan,13556,0,2026-10-01T16:25:25Z,Colorado,0
1832,15,8,3,08003,Alamosa,10684,27,2026-10-01T16:25:22Z,Colorado,0.252714339198802
1845,15,8,47,08047,Gilpin,16204,0,2026-10-01T00:54:13Z,Colorado,0
1860,15,8,69,08069,Larimer,103614,2,2026-10-01T16:25:25Z,Colorado,0.00193024108711178
1965,15,8,23,08023,Costilla,5388,0,2026-10-01T16:24:17Z,Colorado,0
1966,15,8,109,08109,Saguache,4873,0,2026-10-01T16:24:17Z,Colorado,0
2357,15,8,51,08051,Gunnison,8856,498,2026-10-01T16:24:17Z,Colorado,5.623306233062331
2583,15,8,9,08009,Baca,31,0,2026-10-01T16:22:32Z,Colorado,0
2613,15,8,43,08043,Fremont,18639,0,2026-09-29T18:55:44Z,Colorado,0
3573,15,8,103,08103,Rio Blanco,3138,0,2026-10-01T16:24:17Z,Colorado,0
3909,15,8,67,08067,La Plata,35118,2,2026-10-01T16:24:14Z,Colorado,0.005695085141522866
3910,15,8,7,08007,Archuleta,12154,0,2026-10-01T16:24:14Z,Colorado,0
4174,15,8,NA,NA,Unknown,148481,5,2026-10-01T16:24:18Z,Colorado,0.0033674342171725676
4230,15,8,111,08111,San Juan,1083,0,2026-10-01T16:24:16Z,Colorado,0
4263,15,8,79,08079,Mineral,1721,0,2026-10-01T16:24:17Z,Colorado,0
4285,15,8,17,08017,Cheyenne,1959,4,2026-10-01T16:24:16Z,Colorado,0.20418580908626852
4317,15,8,41,08041,El Paso,305709,24,2026-10-01T16:24:14Z,Colorado,0.007850603024444815
4318,15,8,39,08039,Elbert,3514,0,2026-10-01T16:24:14Z,Colorado,0
4319,15,8,119,08119,Teller,2752,0,2026-09-29T20:35:28Z,Colorado,0
4325,15,8,53,08053,Hinsdale,222,0,2026-10-01T16:24:17Z,Colorado,0
4366,15,8,73,08073,Lincoln,3167,0,2026-10-01T16:24:16Z,Colorado,0
4368,15,8,101,08101,Pueblo,22767,0,2026-10-01T16:24:14Z,Colorado,0
4377,15,8,63,08063,Kit Carson,3825,0,2026-10-01T16:24:16Z,Colorado,0
4380,15,8,29,08029,Delta,14410,0,2026-10-01T16:24:14Z,Colorado,0
4381,15,8,85,08085,Montrose,24295,1,2026-10-01T16:24:16Z,Colorado,0.004116073266104137
4382,15,8,91,08091,Ouray,4537,0,2026-10-01T16:24:16Z,Colorado,0
4480,15,8,121,08121,Washington,4884,0,2026-10-01T16:24:18Z,Colorado,0
4558,15,8,97,08097,Pitkin,13429,0,2026-10-01T16:24:16Z,Colorado,0
4566,15,8,25,08025,Crowley,1320,0,2026-10-01T16:24:14Z,Colorado,0
4628,15,8,89,08089,Otero,5095,0,2026-10-01T12:14:55Z,Colorado,0
4671,15,8,27,08027,Custer,6755,0,2026-09-29T21:55:34Z,Colorado,0
5098,15,8,81,08081,Moffat,11061,0,2026-10-01T16:24:17Z,Colorado,0
5099,15,8,33,08033,Dolores,423,0,2026-10-01T16:24:16Z,Colorado,0
5100,15,8,113,08113,San Miguel,7666,7,2026-10-01T16:24:16Z,Colorado,0.09131228802504565
5123,15,8,55,08055,Huerfano,5266,0,2026-03-10T14:33:54Z,Colorado,0
5289,15,8,NA,NA,Eagle-unincorporated,3,0,2023-05-15T22:40:36Z,Colorado,0
5290,15,8,NA,NA,Pitkin-basalt,3,0,2023-04-05T20:16:33Z,Colorado,0
5350,15,8,49,08049,Grand,21572,9,2026-10-01T16:24:17Z,Colorado,0.04172074911922863
5665,15,8,57,08057,Jackson,1467,1,2026-10-01T16:24:17Z,Colorado,0.0681663258350375
5666,15,8,107,08107,Routt,20437,0,2026-10-01T16:24:17Z,Colorado,0
5802,15,8,115,08115,Sedgwick,543,0,2025-12-03T11:23:00Z,Colorado,0
5910,15,8,125,08125,Yuma,4757,4,2026-10-01T16:24:14Z,Colorado,0.08408660920748372
6022,15,8,71,08071,Las Animas,5055,0,2026-03-10T14:33:54Z,Colorado,0
6549,15,8,61,08061,Kiowa,0,0,2026-10-01T16:24:14Z,Colorado,NA
6631,15,8,NA,NA,Dundy,1,0,2025-09-04T17:48:27Z,Colorado,0
6654,15,8,11,08011,Bent,0,0,1900-01-01T00:00:00Z,Colorado,NA
6655,15,8,83,08083,Montezuma,0,0,2026-07-07T01:43:48Z,Colorado,NA
6656,15,8,95,08095,Phillips,0,0,1900-01-01T00:00:00Z,Colorado,NA
6657,15,8,99,08099,Prowers,0,0,1900-01-01T00:00:00Z,Colorado,NA
1508,16,35,5,35005,Chaves,36348,8,2026-10-01T16:25:29Z,New Mexico,0.022009464069549907
1634,16,35,25,35025,Lea,53596,9,2026-10-01T16:25:29Z,New Mexico,0.01679229793268154
1696,16,35,15,35015,Eddy,50016,6,2026-10-01T16:25:29Z,New Mexico,0.01199616122840691
1803,16,35,9,35009,Curry,24469,0,2026-10-01T15:45:34Z,New Mexico,0
1935,16,35,37,35037,Quay,6947,0,2026-09-28T17:25:39Z,New Mexico,0
2236,16,35,41,35041,Roosevelt,18733,48,2026-10-01T16:25:22Z,New Mexico,0.2562323173010196
2584,16,35,59,35059,Union,2068,0,2026-10-01T16:24:19Z,New Mexico,0
3891,16,35,3,35003,Catron,3782,0,2026-10-01T16:24:20Z,New Mexico,0
4162,16,35,1,35001,Bernalillo,369717,37,2026-10-01T16:24:19Z,New Mexico,0.010007654503309288
4163,16,35,49,35049,Santa Fe,106687,156,2026-10-01T16:24:20Z,New Mexico,0.14622212640715365
4164,16,35,57,35057,Torrance,10232,0,2026-10-01T16:24:20Z,New Mexico,0
4165,16,35,29,35029,Luna,23653,0,2026-10-01T16:24:19Z,New Mexico,0
4166,16,35,43,35043,Sandoval,82990,8,2026-10-01T16:24:19Z,New Mexico,0.009639715628388962
4167,16,35,47,35047,San Miguel,10361,0,2026-10-01T16:24:19Z,New Mexico,0
4168,16,35,35,35035,Otero,53995,27,2026-10-01T16:25:29Z,New Mexico,0.05000463005833874
4170,16,35,13,35013,Doña Ana,85961,3,2026-10-01T16:25:28Z,New Mexico,0.003489954746920115
4171,16,35,61,35061,Valencia,47692,0,2026-10-01T16:24:20Z,New Mexico,0
4172,16,35,17,35017,Grant,24991,1097,2026-10-01T16:24:19Z,New Mexico,4.3895802488896
4173,16,35,27,35027,Lincoln,24389,0,2026-10-01T16:24:19Z,New Mexico,0
4175,16,35,NA,NA,Unknown,318,0,2026-09-22T23:45:20Z,New Mexico,0
4203,16,35,23,35023,Hidalgo,3731,0,2026-10-01T16:24:19Z,New Mexico,0
4371,16,35,53,35053,Socorro,9435,0,2026-10-01T16:24:20Z,New Mexico,0
4372,16,35,51,35051,Sierra,2685,0,2026-09-30T19:25:19Z,New Mexico,0
4466,16,35,31,35031,Mckinley,16,0,2026-10-01T16:24:19Z,New Mexico,0
5327,16,35,11,35011,De Baca,51,0,2026-09-09T23:15:56Z,New Mexico,0
5328,16,35,19,35019,Guadalupe,565,0,2026-09-09T23:15:56Z,New Mexico,0
5329,16,35,39,35039,Rio Arriba,12923,59,2026-10-01T16:24:20Z,New Mexico,0.45655033660914646
5332,16,35,45,35045,San Juan,21223,4,2026-10-01T16:24:20Z,New Mexico,0.018847476794044197
5577,16,35,28,35028,Los Alamos,96,0,2022-08-04T20:10:08Z,New Mexico,0
5816,16,35,NA,NA,Dona Ana,20,0,2026-10-01T16:22:07Z,New Mexico,0
5950,16,35,6,35006,Cibola,272,0,2026-10-01T16:24:20Z,New Mexico,0
6628,16,35,NA,NA,04,298,0,2026-09-30T21:04:21Z,New Mexico,0
6702,16,35,7,35007,Colfax,0,0,1900-01-01T00:00:00Z,New Mexico,NA
6703,16,35,21,35021,Harding,0,0,1900-01-01T00:00:00Z,New Mexico,NA
6704,16,35,33,35033,Mora,0,0,1900-01-01T00:00:00Z,New Mexico,NA
6705,16,35,55,35055,Taos,0,0,1900-01-01T00:00:00Z,New Mexico,NA
3462,17,31,3,31003,Antelope,891,0,2026-10-01T13:13:30Z,Nebraska,0
3463,17,31,15,31015,Boyd,827,0,2026-09-25T19:13:32Z,Nebraska,0
3464,17,31,17,31017,Brown,1053,0,2026-09-21T22:33:39Z,Nebraska,0
3465,17,31,19,31019,Buffalo,15605,1,2026-10-01T16:23:32Z,Nebraska,0.006408202499198975
3466,17,31,21,31021,Burt,2929,1,2026-10-01T16:23:30Z,Nebraska,0.03414134516899966
3467,17,31,25,31025,Cass,15967,1,2026-10-01T16:23:29Z,Nebraska,0.006262917266862904
3468,17,31,27,31027,Cedar,958,0,2026-09-29T12:33:26Z,Nebraska,0
3469,17,31,31,31031,Cherry,798,3,2026-10-01T16:23:39Z,Nebraska,0.37593984962406013
3470,17,31,43,31043,Dakota,12068,0,2026-10-01T05:13:26Z,Nebraska,0
3471,17,31,45,31045,Dawes,5105,0,2026-10-01T16:23:31Z,Nebraska,0
3472,17,31,47,31047,Dawson,11041,0,2026-10-01T16:23:32Z,Nebraska,0
3473,17,31,49,31049,Deuel,306,0,2026-09-30T19:43:26Z,Nebraska,0
3474,17,31,51,31051,Dixon,485,0,2026-10-01T14:43:31Z,Nebraska,0
3475,17,31,59,31059,Fillmore,4250,1,2026-10-01T16:23:31Z,Nebraska,0.023529411764705882
3476,17,31,65,31065,Furnas,397,0,2026-09-22T22:53:51Z,Nebraska,0
3477,17,31,69,31069,Garden,2467,0,2026-09-30T20:03:28Z,Nebraska,0
3478,17,31,81,31081,Hamilton,2615,0,2026-10-01T16:23:31Z,Nebraska,0
3479,17,31,83,31083,Harlan,757,0,2026-09-01T19:24:36Z,Nebraska,0
3480,17,31,89,31089,Holt,4870,4,2026-10-01T16:23:30Z,Nebraska,0.08213552361396304
3481,17,31,97,31097,Johnson,2772,0,2026-10-01T16:23:31Z,Nebraska,0
3482,17,31,101,31101,Keith,4451,1,2026-10-01T16:23:29Z,Nebraska,0.022466861379465287
3483,17,31,107,31107,Knox,1375,0,2026-09-09T16:33:41Z,Nebraska,0
3484,17,31,111,31111,Lincoln,6703,156,2026-10-01T16:23:32Z,Nebraska,2.3273161271072653
3485,17,31,119,31119,Madison,10966,1,2026-10-01T16:23:31Z,Nebraska,0.009119095385737734
3486,17,31,123,31123,Morrill,772,7,2026-10-01T16:25:25Z,Nebraska,0.9067357512953367
3487,17,31,133,31133,Pawnee,3372,0,2026-09-29T15:13:34Z,Nebraska,0
3488,17,31,135,31135,Perkins,780,0,2026-09-05T18:33:26Z,Nebraska,0
3489,17,31,145,31145,Red Willow,4546,0,2026-09-30T18:53:22Z,Nebraska,0
3490,17,31,147,31147,Richardson,3630,3,2026-10-01T16:23:32Z,Nebraska,0.08264462809917356
3491,17,31,149,31149,Rock,573,0,2026-10-01T16:23:31Z,Nebraska,0
3492,17,31,157,31157,Scotts Bluff,13711,0,2026-09-30T16:53:43Z,Nebraska,0
3493,17,31,159,31159,Seward,6256,0,2026-10-01T16:23:31Z,Nebraska,0
3494,17,31,161,31161,Sheridan,5272,0,2026-10-01T16:23:31Z,Nebraska,0
3495,17,31,163,31163,Sherman,1192,0,2026-10-01T16:23:32Z,Nebraska,0
3496,17,31,173,31173,Thurston,715,1,2026-10-01T16:23:29Z,Nebraska,0.13986013986013987
3497,17,31,NA,NA,Unknown,71,0,2026-10-01T16:23:31Z,Nebraska,0
3498,17,31,185,31185,York,9040,1,2026-10-01T16:23:31Z,Nebraska,0.011061946902654867
3870,17,31,37,31037,Colfax,1223,0,2026-09-16T01:14:00Z,Nebraska,0
3871,17,31,53,31053,Dodge,8556,0,2026-10-01T14:13:39Z,Nebraska,0
3872,17,31,55,31055,Douglas,173638,236,2026-10-01T16:23:32Z,Nebraska,0.1359149494926226
3873,17,31,67,31067,Gage,4960,0,2026-10-01T16:23:31Z,Nebraska,0
3874,17,31,95,31095,Jefferson,2023,0,2026-10-01T16:23:31Z,Nebraska,0
3875,17,31,109,31109,Lancaster,44782,7,2026-10-01T16:23:31Z,Nebraska,0.01563128042517083
3876,17,31,127,31127,Nemaha,2213,0,2026-09-27T00:23:42Z,Nebraska,0
3877,17,31,131,31131,Otoe,3243,0,2026-10-01T04:43:29Z,Nebraska,0
3878,17,31,NA,NA,Pottawattamie,0,0,2025-10-07T18:53:13Z,Nebraska,NA
3879,17,31,151,31151,Saline,3568,0,2026-10-01T16:23:31Z,Nebraska,0
3880,17,31,153,31153,Sarpy,66435,606,2026-10-01T16:23:32Z,Nebraska,0.9121697900203207
3881,17,31,155,31155,Saunders,13596,5,2026-10-01T16:23:32Z,Nebraska,0.03677552221241542
3882,17,31,169,31169,Thayer,3417,0,2026-10-01T16:23:31Z,Nebraska,0
3883,17,31,177,31177,Washington,17036,1,2026-10-01T16:23:32Z,Nebraska,0.005869922517022776
4315,17,31,23,31023,Butler,20,0,2026-10-01T16:23:31Z,Nebraska,0
4376,17,31,79,31079,Hall,31,0,2026-10-01T16:23:32Z,Nebraska,0
4487,17,31,7,31007,Banner,2906,0,2026-10-01T16:25:25Z,Nebraska,0
4490,17,31,165,31165,Sioux,59,0,2026-10-01T16:23:31Z,Nebraska,0
4491,17,31,179,31179,Wayne,942,1,2026-10-01T16:23:29Z,Nebraska,0.10615711252653928
4615,17,31,33,31033,Cheyenne,1732,0,2026-10-01T16:25:25Z,Nebraska,0
4616,17,31,105,31105,Kimball,1560,5,2026-10-01T16:25:25Z,Nebraska,0.3205128205128205
5924,17,31,57,31057,Dundy,103,0,2026-08-26T22:44:43Z,Nebraska,0
6312,17,31,NA,NA,Goshen,5,0,2026-07-02T17:03:27Z,Nebraska,0
6553,17,31,121,31121,Merrick,1147,0,2026-10-01T16:23:31Z,Nebraska,0
6554,17,31,125,31125,Nance,50,0,2026-10-01T16:23:31Z,Nebraska,0
6555,17,31,141,31141,Platte,29,0,2026-10-01T16:23:31Z,Nebraska,0
6556,17,31,143,31143,Polk,3771,0,2026-10-01T16:23:31Z,Nebraska,0
6670,17,31,1,31001,Adams,0,0,1900-01-01T00:00:00Z,Nebraska,NA
6671,17,31,5,31005,Arthur,12,0,2026-07-01T11:33:05Z,Nebraska,0
6672,17,31,9,31009,Blaine,0,0,1900-01-01T00:00:00Z,Nebraska,NA
6673,17,31,11,31011,Boone,41,0,2026-09-18T16:03:44Z,Nebraska,0
6674,17,31,13,31013,Box Butte,19,0,2026-10-01T16:23:31Z,Nebraska,0
6675,17,31,29,31029,Chase,0,0,1900-01-01T00:00:00Z,Nebraska,NA
6676,17,31,35,31035,Clay,190,0,2026-10-01T16:23:31Z,Nebraska,0
6677,17,31,39,31039,Cuming,5,0,2026-09-13T18:13:29Z,Nebraska,0
6678,17,31,41,31041,Custer,191,0,2026-10-01T16:23:32Z,Nebraska,0
6679,17,31,61,31061,Franklin,0,0,1900-01-01T00:00:00Z,Nebraska,NA
6680,17,31,63,31063,Frontier,402,0,2026-10-01T16:23:32Z,Nebraska,0
6681,17,31,71,31071,Garfield,0,0,1900-01-01T00:00:00Z,Nebraska,NA
6682,17,31,73,31073,Gosper,1800,0,2026-10-01T16:23:32Z,Nebraska,0
6683,17,31,75,31075,Grant,0,0,1900-01-01T00:00:00Z,Nebraska,NA
6684,17,31,77,31077,Greeley,0,0,1900-01-01T00:00:00Z,Nebraska,NA
6685,17,31,85,31085,Hayes,0,0,1900-01-01T00:00:00Z,Nebraska,NA
6686,17,31,87,31087,Hitchcock,0,0,1900-01-01T00:00:00Z,Nebraska,NA
6687,17,31,91,31091,Hooker,0,0,1900-01-01T00:00:00Z,Nebraska,NA
6688,17,31,93,31093,Howard,0,0,1900-01-01T00:00:00Z,Nebraska,NA
6689,17,31,99,31099,Kearney,0,0,1900-01-01T00:00:00Z,Nebraska,NA
6690,17,31,103,31103,Keya Paha,16,0,2026-10-01T16:23:40Z,Nebraska,0
6691,17,31,113,31113,Logan,0,0,1900-01-01T00:00:00Z,Nebraska,NA
6692,17,31,115,31115,Loup,0,0,1900-01-01T00:00:00Z,Nebraska,NA
6693,17,31,117,31117,McPherson,1,0,2026-10-01T16:23:32Z,Nebraska,0
6694,17,31,129,31129,Nuckolls,0,0,1900-01-01T00:00:00Z,Nebraska,NA
6695,17,31,137,31137,Phelps,23,0,2026-10-01T16:23:32Z,Nebraska,0
6696,17,31,139,31139,Pierce,555,0,2026-10-01T15:34:12Z,Nebraska,0
6697,17,31,167,31167,Stanton,63,0,2026-09-28T18:43:44Z,Nebraska,0
6698,17,31,171,31171,Thomas,0,0,1900-01-01T00:00:00Z,Nebraska,NA
6699,17,31,175,31175,Valley,0,0,1900-01-01T00:00:00Z,Nebraska,NA
6700,17,31,181,31181,Webster,0,0,1900-01-01T00:00:00Z,Nebraska,NA
6701,17,31,183,31183,Wheeler,231,0,2026-08-25T21:04:22Z,Nebraska,0
6971,17,31,NA,NA,Oglala Lakota,1046,0,2026-09-25T15:53:41Z,Nebraska,0
7178,17,31,NA,NA,Sedgwick,1,0,2026-09-10T21:14:44Z,Nebraska,0
7197,17,31,NA,NA,Harrison,3,0,2026-09-29T16:24:57Z,Nebraska,0
2563,18,20,7,20007,Barber,1077,0,2026-10-01T16:23:34Z,Kansas,0
2564,18,20,77,20077,Harper,580,1,2026-10-01T16:23:34Z,Kansas,0.1724137931034483
2585,18,20,129,20129,Morton,1212,0,2026-10-01T16:22:32Z,Kansas,0
2586,18,20,175,20175,Seward,2258,0,2026-10-01T16:23:32Z,Kansas,0
3426,18,20,3,20003,Anderson,2774,0,2026-10-01T16:25:20Z,Kansas,0
3427,18,20,11,20011,Bourbon,7929,0,2026-10-01T16:25:20Z,Kansas,0
3428,18,20,31,20031,Coffey,3935,0,2026-10-01T16:25:20Z,Kansas,0
3429,18,20,45,20045,Douglas,55714,0,2026-10-01T16:25:20Z,Kansas,0
3430,18,20,59,20059,Franklin,7172,0,2026-10-01T16:25:20Z,Kansas,0
3431,18,20,91,20091,Johnson,295727,1,2026-10-01T16:25:20Z,Kansas,3.381497124036696e-4
3432,18,20,103,20103,Leavenworth,36920,91,2026-10-01T16:25:20Z,Kansas,0.24647887323943662
3433,18,20,107,20107,Linn,7382,0,2026-10-01T16:25:20Z,Kansas,0
3434,18,20,121,20121,Miami,17703,0,2026-10-01T16:25:20Z,Kansas,0
3435,18,20,139,20139,Osage,6571,0,2026-10-01T16:25:20Z,Kansas,0
3436,18,20,209,20209,Wyandotte,40267,5,2026-10-01T16:25:20Z,Kansas,0.012417115752353042
3735,18,20,1,20001,Allen,3304,0,2026-10-01T16:25:20Z,Kansas,0
3736,18,20,5,20005,Atchison,8226,0,2026-10-01T16:25:33Z,Kansas,0
3737,18,20,13,20013,Brown,4776,0,2026-10-01T16:25:33Z,Kansas,0
3738,18,20,15,20015,Butler,29699,0,2026-10-01T16:25:20Z,Kansas,0
3739,18,20,17,20017,Chase,2277,0,2026-10-01T16:25:20Z,Kansas,0
3740,18,20,19,20019,Chautauqua,0,0,2019-11-07T17:16:53Z,Kansas,NA
3741,18,20,21,20021,Cherokee,9343,0,2026-10-01T16:25:20Z,Kansas,0
3742,18,20,27,20027,Clay,2403,0,2026-10-01T16:25:20Z,Kansas,0
3743,18,20,29,20029,Cloud,5481,1,2026-10-01T16:25:20Z,Kansas,0.018244845831052726
3744,18,20,35,20035,Cowley,10321,1,2026-10-01T16:25:20Z,Kansas,0.009688983625617674
3745,18,20,37,20037,Crawford,17885,1,2026-10-01T16:25:20Z,Kansas,0.005591277606933184
3746,18,20,41,20041,Dickinson,8533,20,2026-10-01T16:25:20Z,Kansas,0.23438415563107937
3747,18,20,43,20043,Doniphan,2856,1,2026-10-01T16:25:33Z,Kansas,0.0350140056022409
3748,18,20,49,20049,Elk,1568,0,2026-10-01T16:25:20Z,Kansas,0
3749,18,20,53,20053,Ellsworth,4734,0,2026-10-01T16:25:20Z,Kansas,0
3750,18,20,61,20061,Geary,15138,9,2026-10-01T16:25:20Z,Kansas,0.05945303210463733
3751,18,20,73,20073,Greenwood,4950,12,2026-10-01T16:25:20Z,Kansas,0.24242424242424243
3752,18,20,79,20079,Harvey,17620,0,2026-10-01T16:25:20Z,Kansas,0
3753,18,20,85,20085,Jackson,4841,0,2026-10-01T16:25:33Z,Kansas,0
3754,18,20,87,20087,Jefferson,10032,0,2026-10-01T16:25:33Z,Kansas,0
3755,18,20,95,20095,Kingman,2464,0,2026-10-01T16:25:20Z,Kansas,0
3756,18,20,99,20099,Labette,10188,0,2026-10-01T16:25:20Z,Kansas,0
3757,18,20,105,20105,Lincoln,1660,0,2026-10-01T16:25:20Z,Kansas,0
3758,18,20,111,20111,Lyon,17694,0,2026-10-01T16:25:20Z,Kansas,0
3759,18,20,115,20115,Marion,4788,0,2026-10-01T16:25:20Z,Kansas,0
3760,18,20,117,20117,Marshall,7261,0,2026-10-01T16:25:20Z,Kansas,0
3761,18,20,113,20113,Mcpherson,4180,0,2026-10-01T16:25:20Z,Kansas,0
3762,18,20,125,20125,Montgomery,12653,0,2026-10-01T16:25:20Z,Kansas,0
3763,18,20,127,20127,Morris,6027,1,2026-10-01T16:25:20Z,Kansas,0.016592002654720425
3764,18,20,131,20131,Nemaha,2724,0,2026-10-01T16:25:20Z,Kansas,0
3765,18,20,133,20133,Neosho,3591,0,2026-10-01T16:25:20Z,Kansas,0
3766,18,20,143,20143,Ottawa,2778,0,2026-10-01T16:25:20Z,Kansas,0
3767,18,20,149,20149,Pottawatomie,9439,0,2026-10-01T16:25:20Z,Kansas,0
3768,18,20,155,20155,Reno,37010,1,2026-10-01T16:25:20Z,Kansas,0.0027019724398811133
3769,18,20,159,20159,Rice,12599,0,2026-10-01T16:25:20Z,Kansas,0
3770,18,20,161,20161,Riley,33460,0,2026-10-01T16:25:20Z,Kansas,0
3771,18,20,169,20169,Saline,29317,1,2026-10-01T16:25:20Z,Kansas,0.003410990210458096
3772,18,20,173,20173,Sedgwick,255963,8,2026-10-01T16:25:20Z,Kansas,0.003125451725444693
3773,18,20,177,20177,Shawnee,89497,1,2026-10-01T16:25:20Z,Kansas,0.0011173558890242132
3774,18,20,191,20191,Sumner,7292,0,2026-10-01T16:25:20Z,Kansas,0
3775,18,20,197,20197,Wabaunsee,4000,0,2026-10-01T16:25:20Z,Kansas,0
3776,18,20,201,20201,Washington,3651,0,2026-10-01T16:25:20Z,Kansas,0
3777,18,20,205,20205,Wilson,3440,0,2026-10-01T16:25:20Z,Kansas,0
3778,18,20,207,20207,Woodson,2873,0,2026-10-01T16:25:20Z,Kansas,0
3795,18,20,83,20083,Hodgeman,1902,0,2026-10-01T16:23:33Z,Kansas,0
3796,18,20,109,20109,Logan,6022,0,2026-10-01T16:23:35Z,Kansas,0
3797,18,20,153,20153,Rawlins,4384,0,2026-09-26T21:53:58Z,Kansas,0
3798,18,20,193,20193,Thomas,8124,0,2026-09-29T19:53:43Z,Kansas,0
3799,18,20,195,20195,Trego,4600,0,2026-10-01T16:23:34Z,Kansas,0
3800,18,20,199,20199,Wallace,1193,0,2026-10-01T16:23:35Z,Kansas,0
3801,18,20,9,20009,Barton,19448,1,2026-10-01T16:23:36Z,Kansas,0.005141916906622789
3802,18,20,23,20023,Cheyenne,1626,0,2026-09-10T20:54:09Z,Kansas,0
3803,18,20,39,20039,Decatur,2924,0,2026-09-01T00:54:25Z,Kansas,0
3804,18,20,65,20065,Graham,2401,0,2026-10-01T16:23:34Z,Kansas,0
3805,18,20,89,20089,Jewell,2152,0,2026-10-01T16:23:36Z,Kansas,0
3806,18,20,123,20123,Mitchell,1421,0,2026-10-01T16:23:36Z,Kansas,0
3807,18,20,137,20137,Norton,2676,0,2026-09-28T18:23:58Z,Kansas,0
3808,18,20,141,20141,Osborne,2299,0,2026-10-01T16:23:36Z,Kansas,0
3809,18,20,147,20147,Phillips,4570,0,2026-10-01T16:23:36Z,Kansas,0
3810,18,20,157,20157,Republic,2648,1,2026-10-01T16:23:36Z,Kansas,0.0377643504531722
3811,18,20,163,20163,Rooks,3880,0,2026-10-01T16:23:36Z,Kansas,0
3812,18,20,179,20179,Sheridan,3205,0,2026-10-01T16:23:34Z,Kansas,0
3813,18,20,181,20181,Sherman,1503,0,2026-09-24T22:14:07Z,Kansas,0
3814,18,20,183,20183,Smith,3189,0,2026-10-01T16:23:36Z,Kansas,0
3815,18,20,145,20145,Pawnee,5635,0,2026-10-01T16:23:34Z,Kansas,0
3816,18,20,55,20055,Finney,9242,4,2026-10-01T16:23:36Z,Kansas,0.04328067517853278
3817,18,20,69,20069,Gray,1688,1,2026-10-01T16:23:36Z,Kansas,0.05924170616113744
3818,18,20,71,20071,Greeley,1487,0,2026-10-01T16:23:35Z,Kansas,0
3819,18,20,75,20075,Hamilton,2010,0,2026-10-01T16:23:35Z,Kansas,0
3820,18,20,93,20093,Kearny,2543,0,2026-10-01T16:23:35Z,Kansas,0
3821,18,20,171,20171,Scott,3941,0,2026-10-01T16:23:35Z,Kansas,0
3822,18,20,203,20203,Wichita,2061,0,2026-10-01T16:23:35Z,Kansas,0
3823,18,20,47,20047,Edwards,5573,0,2026-10-01T16:23:34Z,Kansas,0
3824,18,20,165,20165,Rush,5148,0,2026-10-01T16:23:34Z,Kansas,0
3825,18,20,151,20151,Pratt,1989,2,2026-10-01T16:23:34Z,Kansas,0.10055304172951231
3826,18,20,135,20135,Ness,4063,0,2026-10-01T16:23:34Z,Kansas,0
3827,18,20,185,20185,Stafford,4657,1,2026-10-01T16:23:36Z,Kansas,0.021473051320592657
3829,18,20,51,20051,Ellis,19340,2,2026-10-01T16:23:36Z,Kansas,0.010341261633919338
3830,18,20,167,20167,Russell,3974,1,2026-10-01T16:23:36Z,Kansas,0.025163563160543533
3831,18,20,NA,NA,Unknown,7919,0,2026-10-01T01:52:31Z,Kansas,0
3848,18,20,63,20063,Gove,5348,0,2026-10-01T16:23:34Z,Kansas,0
5779,18,20,57,20057,Ford,6902,7,2026-10-01T16:23:36Z,Kansas,0.10141987829614604
5786,18,20,33,20033,Comanche,1056,0,2026-10-01T16:23:34Z,Kansas,0
5787,18,20,97,20097,Kiowa,983,0,2026-10-01T16:23:34Z,Kansas,0
5788,18,20,101,20101,Lane,1205,1,2026-10-01T16:23:33Z,Kansas,0.08298755186721991
6543,18,20,NA,NA,POTTER,2,0,2025-08-09T08:15:05Z,Kansas,0
6660,18,20,25,20025,Clark,690,0,2026-10-01T16:23:32Z,Kansas,0
6661,18,20,67,20067,Grant,0,0,1900-01-01T00:00:00Z,Kansas,NA
6662,18,20,81,20081,Haskell,1,0,2026-10-01T16:23:32Z,Kansas,0
6663,18,20,119,20119,Meade,1721,0,2026-10-01T16:23:32Z,Kansas,0
6664,18,20,187,20187,Stanton,0,0,1900-01-01T00:00:00Z,Kansas,NA
6665,18,20,189,20189,Stevens,5,0,2026-10-01T16:23:32Z,Kansas,0
1868,19,40,5,40005,Atoka,8581,63,2026-10-01T16:22:56Z,Oklahoma,0.7341801654818786
1869,19,40,9,40009,Beckham,11164,0,2026-10-01T16:22:30Z,Oklahoma,0
1870,19,40,11,40011,Blaine,6634,0,2026-10-01T16:22:56Z,Oklahoma,0
1871,19,40,15,40015,Caddo,32837,14,2026-10-01T16:22:55Z,Oklahoma,0.042634832658281815
1872,19,40,23,40023,Choctaw,9317,0,2026-10-01T16:22:56Z,Oklahoma,0
1873,19,40,29,40029,Coal,6837,0,2026-10-01T16:22:56Z,Oklahoma,0
1874,19,40,31,40031,Comanche,61255,1,2026-10-01T16:22:55Z,Oklahoma,0.001632519794302506
1875,19,40,33,40033,Cotton,3392,0,2026-10-01T16:22:30Z,Oklahoma,0
1876,19,40,35,40035,Craig,8675,60,2026-10-01T16:22:32Z,Oklahoma,0.69164265129683
1877,19,40,37,40037,Creek,40614,25,2026-10-01T16:22:56Z,Oklahoma,0.06155512877332939
1878,19,40,39,40039,Custer,21408,470,2026-10-01T16:22:55Z,Oklahoma,2.195440956651719
1879,19,40,41,40041,Delaware,32819,1174,2026-10-01T16:25:26Z,Oklahoma,3.577196136384411
1880,19,40,43,40043,Dewey,5718,3,2026-10-01T16:22:57Z,Oklahoma,0.05246589716684155
1881,19,40,51,40051,Grady,34019,5,2026-10-01T16:22:56Z,Oklahoma,0.014697668949704578
1882,19,40,55,40055,Greer,344,0,2026-10-01T16:22:55Z,Oklahoma,0
1883,19,40,57,40057,Harmon,1172,0,2026-10-01T16:22:30Z,Oklahoma,0
1884,19,40,61,40061,Haskell,7419,0,2026-10-01T16:22:31Z,Oklahoma,0
1885,19,40,63,40063,Hughes,9021,0,2026-10-01T16:22:56Z,Oklahoma,0
1886,19,40,65,40065,Jackson,3727,0,2026-10-01T16:22:55Z,Oklahoma,0
1887,19,40,67,40067,Jefferson,4949,0,2026-10-01T16:22:56Z,Oklahoma,0
1888,19,40,69,40069,Johnston,9175,0,2026-10-01T16:22:56Z,Oklahoma,0
1889,19,40,71,40071,Kay,4110,0,2026-10-01T16:22:56Z,Oklahoma,0
1890,19,40,75,40075,Kiowa,9506,0,2026-10-01T16:22:55Z,Oklahoma,0
1891,19,40,77,40077,Latimer,6113,0,2026-10-01T16:22:54Z,Oklahoma,0
1892,19,40,79,40079,Le Flore,26449,1,2026-10-01T16:22:56Z,Oklahoma,0.0037808612801996295
1893,19,40,97,40097,Mayes,18586,6,2026-10-01T16:22:53Z,Oklahoma,0.03228236306897665
1894,19,40,87,40087,Mcclain,23524,1,2026-10-01T16:22:56Z,Oklahoma,0.0042509777248767215
1895,19,40,89,40089,Mccurtain,21989,1,2026-10-01T16:25:26Z,Oklahoma,0.004547728409659375
1896,19,40,91,40091,Mcintosh,15544,26,2026-10-01T16:22:57Z,Oklahoma,0.16726711271230058
1897,19,40,105,40105,Nowata,3885,0,2026-10-01T16:22:32Z,Oklahoma,0
1898,19,40,107,40107,Okfuskee,6090,29,2026-10-01T16:22:56Z,Oklahoma,0.4761904761904762
1899,19,40,111,40111,Okmulgee,21083,0,2026-10-01T16:22:56Z,Oklahoma,0
1900,19,40,113,40113,Osage,14779,35,2026-10-01T16:22:57Z,Oklahoma,0.23682251843832464
1901,19,40,115,40115,Ottawa,12382,0,2026-10-01T16:22:32Z,Oklahoma,0
1902,19,40,121,40121,Pittsburg,27719,0,2026-10-01T16:22:54Z,Oklahoma,0
1903,19,40,123,40123,Pontotoc,23973,6,2026-10-01T16:22:56Z,Oklahoma,0.02502815667626079
1904,19,40,127,40127,Pushmataha,8092,2,2026-10-01T16:22:54Z,Oklahoma,0.024715768660405337
1905,19,40,129,40129,Roger Mills,3230,91,2026-10-01T16:22:57Z,Oklahoma,2.8173374613003097
1906,19,40,131,40131,Rogers,27485,0,2026-10-01T16:22:53Z,Oklahoma,0
1907,19,40,137,40137,Stephens,18520,1,2026-10-01T16:22:56Z,Oklahoma,0.005399568034557235
1908,19,40,141,40141,Tillman,4237,0,2026-10-01T16:22:55Z,Oklahoma,0
1909,19,40,143,40143,Tulsa,320335,41,2026-10-01T16:22:56Z,Oklahoma,0.01279910094120218
1910,19,40,145,40145,Wagoner,38439,5,2026-10-01T16:22:56Z,Oklahoma,0.013007622466765524
1911,19,40,147,40147,Washington,24141,0,2026-10-01T16:22:30Z,Oklahoma,0
1912,19,40,149,40149,Washita,10610,0,2026-10-01T16:22:30Z,Oklahoma,0
2510,19,40,1,40001,Adair,9577,0,2026-10-01T16:25:26Z,Oklahoma,0
2511,19,40,135,40135,Sequoyah,18648,0,2026-10-01T16:25:26Z,Oklahoma,0
2531,19,40,49,40049,Garvin,15240,51,2026-10-01T16:22:56Z,Oklahoma,0.3346456692913386
2533,19,40,99,40099,Murray,10387,1,2026-10-01T16:22:56Z,Oklahoma,0.00962741888899586
2534,19,40,117,40117,Pawnee,8982,0,2026-10-01T16:22:56Z,Oklahoma,0
2538,19,40,73,40073,Kingfisher,9281,0,2026-10-01T16:22:56Z,Oklahoma,0
2540,19,40,7,40007,Beaver,6108,2,2026-10-01T16:22:55Z,Oklahoma,0.03274394237066143
2541,19,40,45,40045,Ellis,4586,1,2026-10-01T16:22:56Z,Oklahoma,0.021805494984736155
2542,19,40,59,40059,Harper,2996,0,2026-10-01T16:22:55Z,Oklahoma,0
2543,19,40,93,40093,Major,4844,1,2026-10-01T16:22:56Z,Oklahoma,0.020644095788604457
2544,19,40,151,40151,Woods,5729,0,2026-10-01T16:22:56Z,Oklahoma,0
2545,19,40,153,40153,Woodward,13016,2,2026-10-01T16:22:56Z,Oklahoma,0.015365703749231713
2549,19,40,21,40021,Cherokee,19920,0,2026-10-01T16:25:26Z,Oklahoma,0
2551,19,40,101,40101,Muskogee,35216,1,2026-10-01T16:22:56Z,Oklahoma,0.0028396183552930484
2552,19,40,53,40053,Grant,3270,0,2026-10-01T16:22:56Z,Oklahoma,0
2553,19,40,103,40103,Noble,5056,0,2026-10-01T16:22:56Z,Oklahoma,0
2556,19,40,17,40017,Canadian,97069,0,2026-10-01T16:22:56Z,Oklahoma,0
2557,19,40,139,40139,Texas,13974,0,2026-10-01T16:22:32Z,Oklahoma,0
2558,19,40,3,40003,Alfalfa,4240,0,2026-10-01T16:22:56Z,Oklahoma,0
2560,19,40,27,40027,Cleveland,138652,25,2026-10-01T16:22:56Z,Oklahoma,0.018030753252747885
2562,19,40,119,40119,Payne,13148,0,2026-10-01T16:22:56Z,Oklahoma,0
2565,19,40,47,40047,Garfield,32994,0,2026-10-01T16:22:56Z,Oklahoma,0
2566,19,40,83,40083,Logan,32381,1,2026-10-01T16:22:56Z,Oklahoma,0.003088230752601834
2567,19,40,109,40109,Oklahoma,419948,278,2026-10-01T16:22:56Z,Oklahoma,0.06619867221656014
2569,19,40,125,40125,Pottawatomie,31235,386,2026-10-01T16:22:57Z,Oklahoma,1.2357931807267488
2580,19,40,19,40019,Carter,29265,212,2026-10-01T16:22:56Z,Oklahoma,0.7244148300017086
2581,19,40,85,40085,Love,4791,0,2026-10-01T16:22:56Z,Oklahoma,0
2582,19,40,95,40095,Marshall,11043,1,2026-10-01T16:22:56Z,Oklahoma,0.009055510278004166
2587,19,40,25,40025,Cimarron,2742,0,2026-10-01T16:22:32Z,Oklahoma,0
2591,19,40,133,40133,Seminole,13305,342,2026-10-01T16:22:57Z,Oklahoma,2.5704622322435178
2616,19,40,81,40081,Lincoln,16807,1,2026-10-01T16:22:56Z,Oklahoma,0.005949901826619861
3088,19,40,13,40013,Bryan,29259,8,2026-10-01T16:22:56Z,Oklahoma,0.027342014422912606
3461,19,40,NA,NA,Unknown,7379,0,2026-10-01T12:42:28Z,Oklahoma,0
1326,20,48,1,48001,Anderson,33585,0,2026-10-01T16:22:02Z,Texas,0
1327,20,48,3,48003,Andrews,11196,0,2026-10-01T16:22:14Z,Texas,0
1328,20,48,5,48005,Angelina,48243,0,2026-10-01T16:22:19Z,Texas,0
1329,20,48,7,48007,Aransas,21717,0,2026-10-01T16:21:59Z,Texas,0
1330,20,48,9,48009,Archer,5109,2,2026-10-01T16:22:55Z,Texas,0.03914660403210021
1331,20,48,13,48013,Atascosa,26352,0,2026-10-01T16:22:11Z,Texas,0
1332,20,48,21,48021,Bastrop,51616,1,2026-10-01T16:22:14Z,Texas,0.0019373837569745815
1333,20,48,23,48023,Baylor,51,0,2026-10-01T16:22:55Z,Texas,0
1334,20,48,25,48025,Bee,13603,2,2026-10-01T16:22:00Z,Texas,0.014702639123722707
1335,20,48,27,48027,Bell,181120,82,2026-10-01T16:22:19Z,Texas,0.045273851590106
1336,20,48,33,48033,Borden,1349,0,2026-10-01T16:22:14Z,Texas,0
1337,20,48,35,48035,Bosque,14303,792,2026-10-01T16:22:21Z,Texas,5.537299867160735
1338,20,48,39,48039,Brazoria,234166,86,2026-10-01T16:22:21Z,Texas,0.036726083205930835
1339,20,48,43,48043,Brewster,7600,288,2026-10-01T16:22:07Z,Texas,3.7894736842105265
1340,20,48,45,48045,Briscoe,2300,0,2026-10-01T16:22:22Z,Texas,0
1341,20,48,47,48047,Brooks,4219,0,2026-10-01T16:22:16Z,Texas,0
1342,20,48,49,48049,Brown,29361,0,2026-10-01T16:22:19Z,Texas,0
1343,20,48,53,48053,Burnet,34817,123,2026-10-01T16:22:12Z,Texas,0.3532756986529569
1344,20,48,55,48055,Caldwell,18151,1,2026-10-01T16:22:14Z,Texas,0.005509338328466751
1345,20,48,57,48057,Calhoun,7812,0,2026-10-01T16:21:59Z,Texas,0
1346,20,48,59,48059,Callahan,13860,1,2026-10-01T16:22:19Z,Texas,0.007215007215007215
1347,20,48,61,48061,Cameron,93320,5,2026-10-01T16:21:59Z,Texas,0.005357908272610372
1348,20,48,71,48071,Chambers,33754,4,2026-10-01T16:25:28Z,Texas,0.011850447354387629
1349,20,48,73,48073,Cherokee,36650,0,2026-10-01T16:22:02Z,Texas,0
1350,20,48,75,48075,Childress,4274,1,2026-10-01T16:25:17Z,Texas,0.02339728591483388
1351,20,48,77,48077,Clay,5305,56,2026-10-01T16:22:21Z,Texas,1.055607917059378
1352,20,48,81,48081,Coke,4415,0,2026-10-01T16:22:20Z,Texas,0
1353,20,48,83,48083,Coleman,5969,2,2026-10-01T16:22:19Z,Texas,0.03350644999162339
1354,20,48,85,48085,Collin,491382,7885,2026-10-01T16:22:21Z,Texas,1.6046578832761478
1355,20,48,89,48089,Colorado,18246,1,2026-10-01T16:22:16Z,Texas,0.00548065329387263
1356,20,48,93,48093,Comanche,12323,9,2026-10-01T16:22:21Z,Texas,0.07303416375882496
1357,20,48,95,48095,Concho,3456,1,2026-10-01T16:22:20Z,Texas,0.028935185185185182
1358,20,48,97,48097,Cooke,26902,19,2026-10-01T16:22:21Z,Texas,0.07062671920303323
1359,20,48,99,48099,Coryell,31995,170,2026-10-01T16:22:21Z,Texas,0.5313330207844975
1360,20,48,101,48101,Cottle,2371,0,2026-10-01T16:21:59Z,Texas,0
1361,20,48,103,48103,Crane,3162,2,2026-10-01T16:21:59Z,Texas,0.06325110689437065
1362,20,48,105,48105,Crockett,2413,34,2026-10-01T16:22:07Z,Texas,1.4090343970161625
1363,20,48,109,48109,Culberson,1670,23,2026-10-01T16:22:07Z,Texas,1.377245508982036
1364,20,48,113,48113,Dallas,1158684,5391,2026-10-01T16:22:21Z,Texas,0.4652692192176642
1365,20,48,115,48115,Dawson,9271,1,2026-10-01T16:22:14Z,Texas,0.010786322942508898
1366,20,48,119,48119,Delta,3676,0,2026-10-01T16:22:20Z,Texas,0
1367,20,48,121,48121,Denton,532833,204,2026-10-01T16:22:21Z,Texas,0.038285916975862984
1368,20,48,123,48123,Dewitt,9530,0,2026-10-01T16:22:13Z,Texas,0
1369,20,48,125,48125,Dickens,3924,0,2026-10-01T16:21:59Z,Texas,0
1370,20,48,127,48127,Dimmit,6836,45,2026-10-01T16:22:07Z,Texas,0.6582796957284962
1371,20,48,131,48131,Duval,8581,0,2026-10-01T16:22:16Z,Texas,0
1372,20,48,133,48133,Eastland,17491,19,2026-10-01T16:22:21Z,Texas,0.10862729403693329
1373,20,48,135,48135,Ector,92243,0,2026-10-01T16:21:59Z,Texas,0
1374,20,48,137,48137,Edwards,4662,13,2026-10-01T16:22:12Z,Texas,0.27885027885027885
1375,20,48,139,48139,Ellis,105258,200,2026-10-01T16:22:17Z,Texas,0.19000931045621236
1376,20,48,143,48143,Erath,29247,1,2026-10-01T16:22:21Z,Texas,0.0034191541012753447
1377,20,48,145,48145,Falls,13031,0,2026-10-01T16:25:28Z,Texas,0
1378,20,48,147,48147,Fannin,24733,244,2026-10-01T16:22:21Z,Texas,0.9865362066874217
1379,20,48,151,48151,Fisher,1612,0,2026-10-01T16:21:59Z,Texas,0
1380,20,48,155,48155,Foard,1335,12,2026-10-01T16:22:55Z,Texas,0.8988764044943821
1381,20,48,157,48157,Fort Bend,506003,297,2026-10-01T16:22:09Z,Texas,0.05869530417803847
1382,20,48,159,48159,Franklin,11610,0,2026-10-01T16:25:17Z,Texas,0
1383,20,48,161,48161,Freestone,15785,0,2026-10-01T16:22:02Z,Texas,0
1384,20,48,163,48163,Frio,10138,5,2026-10-01T16:22:06Z,Texas,0.04931939238508582
1385,20,48,165,48165,Gaines,21386,1,2026-10-01T16:25:29Z,Texas,0.004675956233049659
1386,20,48,167,48167,Galveston,221598,152,2026-10-01T16:25:28Z,Texas,0.06859267682921326
1387,20,48,173,48173,Glasscock,4196,2,2026-10-01T16:22:20Z,Texas,0.047664442326024785
1388,20,48,175,48175,Goliad,4678,0,2026-10-01T16:22:13Z,Texas,0
1389,20,48,177,48177,Gonzales,13411,109,2026-10-01T16:22:14Z,Texas,0.8127656401461486
1390,20,48,181,48181,Grayson,86521,164,2026-10-01T16:22:21Z,Texas,0.18954935795933936
1391,20,48,187,48187,Guadalupe,80574,0,2026-10-01T16:22:14Z,Texas,0
1392,20,48,191,48191,Hall,1911,0,2026-10-01T16:25:17Z,Texas,0
1393,20,48,197,48197,Hardeman,4135,0,2026-10-01T16:22:55Z,Texas,0
1394,20,48,201,48201,Harris,2398724,1227,2026-10-01T16:25:28Z,Texas,0.05115219591749614
1395,20,48,207,48207,Haskell,3120,0,2026-10-01T16:21:59Z,Texas,0
1396,20,48,213,48213,Henderson,67280,0,2026-10-01T16:21:59Z,Texas,0
1397,20,48,215,48215,Hidalgo,234174,34,2026-10-01T16:21:59Z,Texas,0.014519118262488579
1398,20,48,217,48217,Hill,24718,21,2026-10-01T16:22:21Z,Texas,0.08495832996197103
1399,20,48,221,48221,Hood,29008,19,2026-10-01T16:22:21Z,Texas,0.06549917264202978
1400,20,48,223,48223,Hopkins,23735,0,2026-10-01T16:25:17Z,Texas,0
1401,20,48,225,48225,Houston,16033,0,2026-10-01T16:25:28Z,Texas,0
1402,20,48,227,48227,Howard,20150,79,2026-10-01T16:21:59Z,Texas,0.39205955334987597
1403,20,48,231,48231,Hunt,44546,28,2026-10-01T16:22:21Z,Texas,0.0628563731872671
1404,20,48,235,48235,Irion,2602,1,2026-10-01T16:22:20Z,Texas,0.03843197540353574
1405,20,48,237,48237,Jack,4024,0,2026-10-01T16:22:21Z,Texas,0
1406,20,48,239,48239,Jackson,4659,1,2026-10-01T16:22:13Z,Texas,0.0214638334406525
1407,20,48,241,48241,Jasper,17620,0,2026-10-01T16:25:28Z,Texas,0
1408,20,48,243,48243,Jeff Davis,2804,4,2026-10-01T16:22:07Z,Texas,0.14265335235378032
1409,20,48,247,48247,Jim Hogg,3278,0,2026-10-01T16:22:06Z,Texas,0
1410,20,48,249,48249,Jim Wells,20517,0,2026-10-01T16:22:16Z,Texas,0
1411,20,48,251,48251,Johnson,104184,25,2026-10-01T16:22:21Z,Texas,0.02399600706442448
1412,20,48,253,48253,Jones,10324,0,2026-10-01T16:21:59Z,Texas,0
1413,20,48,255,48255,Karnes,10766,5,2026-10-01T16:22:13Z,Texas,0.04644250417982537
1414,20,48,257,48257,Kaufman,88910,13,2026-10-01T16:22:20Z,Texas,0.014621527387245528
1415,20,48,261,48261,Kenedy,353,1,2026-10-01T16:22:16Z,Texas,0.28328611898017
1416,20,48,263,48263,Kent,1630,0,2026-10-01T16:21:59Z,Texas,0
1417,20,48,267,48267,Kimble,5874,24,2026-10-01T16:22:12Z,Texas,0.40858018386108275
1418,20,48,271,48271,Kinney,2909,136,2026-10-01T16:22:12Z,Texas,4.675146098315572
1419,20,48,273,48273,Kleberg,15050,8,2026-10-01T16:22:16Z,Texas,0.053156146179401995
1420,20,48,275,48275,Knox,2120,0,2026-10-01T16:21:59Z,Texas,0
1421,20,48,283,48283,La Salle,5462,1,2026-10-01T16:22:06Z,Texas,0.01830831197363603
1422,20,48,277,48277,Lamar,29665,2,2026-10-01T16:22:21Z,Texas,0.006741951795044665
1423,20,48,281,48281,Lampasas,10078,5,2026-10-01T16:22:12Z,Texas,0.04961301845604287
1424,20,48,287,48287,Lee,9390,1,2026-10-01T16:22:14Z,Texas,0.010649627263045794
1425,20,48,289,48289,Leon,21349,1,2026-10-01T16:25:28Z,Texas,0.0046840601433322405
1426,20,48,293,48293,Limestone,26292,5,2026-10-01T16:25:28Z,Texas,0.0190171915411532
1427,20,48,297,48297,Live Oak,10285,0,2026-10-01T16:22:16Z,Texas,0
1428,20,48,301,48301,Loving,676,0,2026-10-01T16:21:59Z,Texas,0
1429,20,48,305,48305,Lynn,9539,0,2026-10-01T16:22:14Z,Texas,0
1430,20,48,317,48317,Martin,8404,1,2026-10-01T16:22:14Z,Texas,0.011899095668729176
1431,20,48,321,48321,Matagorda,16558,0,2026-10-01T16:22:21Z,Texas,0
1432,20,48,323,48323,Maverick,23597,930,2026-10-01T16:22:07Z,Texas,3.9411789634275545
1433,20,48,307,48307,Mcculloch,3484,0,2026-10-01T16:22:19Z,Texas,0
1434,20,48,309,48309,Mclennan,131512,671,2026-10-01T16:22:21Z,Texas,0.5102195997323439
1435,20,48,311,48311,Mcmullen,2663,0,2026-10-01T16:22:16Z,Texas,0
1436,20,48,325,48325,Medina,26951,167,2026-10-01T16:22:11Z,Texas,0.6196430559162925
1437,20,48,327,48327,Menard,2475,0,2026-10-01T16:22:12Z,Texas,0
1438,20,48,329,48329,Midland,105102,62,2026-10-01T16:21:59Z,Texas,0.05899031417099579
1439,20,48,331,48331,Milam,13907,0,2026-10-01T16:25:28Z,Texas,0
1440,20,48,333,48333,Mills,3537,4,2026-10-01T16:22:08Z,Texas,0.11309018942606729
1441,20,48,335,48335,Mitchell,6076,2,2026-10-01T16:22:20Z,Texas,0.03291639236339697
1442,20,48,337,48337,Montague,13203,47,2026-10-01T16:22:21Z,Texas,0.35597970158297354
1443,20,48,339,48339,Montgomery,422871,49,2026-10-01T16:25:28Z,Texas,0.011587458113703706
1444,20,48,345,48345,Motley,1205,0,2026-10-01T16:21:59Z,Texas,0
1445,20,48,347,48347,Nacogdoches,37787,752,2026-10-01T16:22:12Z,Texas,1.990102416174875
1446,20,48,349,48349,Navarro,21321,0,2026-10-01T16:21:59Z,Texas,0
1447,20,48,353,48353,Nolan,11137,0,2026-10-01T16:22:20Z,Texas,0
1448,20,48,355,48355,Nueces,165233,2,2026-10-01T16:22:16Z,Texas,0.0012104119637118493
1449,20,48,363,48363,Palo Pinto,23359,14,2026-10-01T16:22:21Z,Texas,0.059934072520227755
1450,20,48,367,48367,Parker,28871,1,2026-10-01T16:22:17Z,Texas,0.003463683280800803
1451,20,48,371,48371,Pecos,9178,58,2026-10-01T16:22:21Z,Texas,0.6319459577249945
1452,20,48,373,48373,Polk,27653,5,2026-10-01T16:25:28Z,Texas,0.01808122084403139
1453,20,48,377,48377,Presidio,5008,5,2026-10-01T16:22:07Z,Texas,0.0998402555910543
1454,20,48,379,48379,Rains,8559,0,2026-10-01T16:25:17Z,Texas,0
1455,20,48,383,48383,Reagan,5247,64,2026-10-01T16:22:20Z,Texas,1.219744615971031
1456,20,48,385,48385,Real,4721,0,2026-10-01T16:22:12Z,Texas,0
1457,20,48,387,48387,Red River,9377,0,2026-10-01T16:25:17Z,Texas,0
1458,20,48,389,48389,Reeves,9684,2,2026-10-01T16:22:21Z,Texas,0.020652622883106157
1459,20,48,391,48391,Refugio,5004,0,2026-10-01T16:21:59Z,Texas,0
1460,20,48,395,48395,Robertson,17706,0,2026-10-01T16:25:28Z,Texas,0
1461,20,48,397,48397,Rockwall,58198,70,2026-10-01T16:22:20Z,Texas,0.12027904738994466
1462,20,48,399,48399,Runnels,8389,14,2026-10-01T16:22:20Z,Texas,0.16688520681845273
1463,20,48,401,48401,Rusk,23533,1,2026-10-01T16:25:17Z,Texas,0.004249351973823992
1465,20,48,409,48409,San Patricio,35597,1,2026-10-01T16:21:59Z,Texas,0.0028092254965306064
1466,20,48,413,48413,Schleicher,1082,0,2026-10-01T16:22:12Z,Texas,0
1467,20,48,415,48415,Scurry,7803,0,2026-10-01T16:21:59Z,Texas,0
1468,20,48,417,48417,Shackelford,4156,0,2026-10-01T16:21:59Z,Texas,0
1469,20,48,423,48423,Smith,136953,4,2026-10-01T16:25:17Z,Texas,0.0029207100246069822
1470,20,48,425,48425,Somervell,6761,0,2026-10-01T16:22:21Z,Texas,0
1471,20,48,427,48427,Starr,26617,0,2026-10-01T16:22:06Z,Texas,0
1472,20,48,429,48429,Stephens,8076,13,2026-10-01T16:22:21Z,Texas,0.16097077761267953
1473,20,48,431,48431,Sterling,1930,0,2026-10-01T16:22:20Z,Texas,0
1474,20,48,433,48433,Stonewall,2232,0,2026-10-01T16:21:59Z,Texas,0
1475,20,48,435,48435,Sutton,2758,0,2026-10-01T16:22:12Z,Texas,0
1476,20,48,439,48439,Tarrant,912084,6422,2026-10-01T16:22:17Z,Texas,0.7041018151836892
1477,20,48,441,48441,Taylor,79781,1,2026-10-01T16:22:19Z,Texas,0.001253431268096414
1478,20,48,445,48445,Terry,7858,0,2026-10-01T16:22:14Z,Texas,0
1479,20,48,447,48447,Throckmorton,994,1,2026-10-01T16:21:59Z,Texas,0.1006036217303823
1480,20,48,451,48451,Tom Green,63469,0,2026-10-01T16:22:20Z,Texas,0
1481,20,48,453,48453,Travis,742382,19,2026-10-01T16:22:14Z,Texas,0.0025593292940831
1482,20,48,455,48455,Trinity,11315,20,2026-10-01T16:25:28Z,Texas,0.17675651789659744
1483,20,48,457,48457,Tyler,13784,20,2026-10-01T16:25:28Z,Texas,0.14509576320371445
1484,20,48,461,48461,Upton,3621,0,2026-10-01T16:21:59Z,Texas,0
1485,20,48,463,48463,Uvalde,17070,84,2026-10-01T16:22:07Z,Texas,0.492091388400703
1486,20,48,465,48465,Val Verde,22206,37,2026-10-01T16:22:07Z,Texas,0.16662163379266864
1487,20,48,467,48467,Van Zandt,50696,8,2026-10-01T16:25:17Z,Texas,0.015780337699226762
1488,20,48,469,48469,Victoria,30683,5,2026-10-01T16:22:13Z,Texas,0.01629566861128312
1489,20,48,475,48475,Ward,8939,0,2026-10-01T16:22:21Z,Texas,0
1490,20,48,479,48479,Webb,103265,4,2026-10-01T16:22:07Z,Texas,0.0038735292693555415
1491,20,48,481,48481,Wharton,36877,3,2026-10-01T16:22:09Z,Texas,0.00813515199175638
1492,20,48,485,48485,Wichita,62531,7,2026-10-01T16:22:55Z,Texas,0.011194447554013208
1493,20,48,487,48487,Wilbarger,8080,0,2026-10-01T16:22:55Z,Texas,0
1494,20,48,489,48489,Willacy,5611,8,2026-10-01T16:21:59Z,Texas,0.14257708073427197
1495,20,48,491,48491,Williamson,343255,1008,2026-10-01T16:22:14Z,Texas,0.2936592329317854
1496,20,48,493,48493,Wilson,25126,0,2026-10-01T16:22:13Z,Texas,0
1497,20,48,495,48495,Winkler,5309,0,2026-10-01T16:22:21Z,Texas,0
1498,20,48,497,48497,Wise,43281,85,2026-10-01T16:22:12Z,Texas,0.19639102608534922
1499,20,48,499,48499,Wood,38774,1,2026-10-01T16:25:17Z,Texas,0.0025790478155465002
1500,20,48,503,48503,Young,8603,0,2026-10-01T16:22:21Z,Texas,0
1501,20,48,505,48505,Zapata,7293,0,2026-10-01T16:22:06Z,Texas,0
1502,20,48,507,48507,Zavala,6495,10,2026-10-01T16:22:07Z,Texas,0.15396458814472672
1510,20,48,111,48111,Dallam,7569,0,2026-10-01T16:22:32Z,Texas,0
1511,20,48,179,48179,Gray,16726,0,2026-10-01T16:25:17Z,Texas,0
1512,20,48,375,48375,Potter,64329,2,2026-10-01T16:25:23Z,Texas,0.0031090177058558347
1513,20,48,381,48381,Randall,84280,29,2026-10-01T16:25:22Z,Texas,0.03440911248220219
1514,20,48,NA,NA,Unknown,486358,310,2026-10-01T16:25:28Z,Texas,0.06373905641523323
1527,20,48,185,48185,Grimes,22582,1,2026-10-01T16:25:28Z,Texas,0.004428305730227615
1528,20,48,219,48219,Hockley,19050,2,2026-10-01T16:25:23Z,Texas,0.010498687664041995
1530,20,48,291,48291,Liberty,53562,14,2026-10-01T16:25:28Z,Texas,0.026137933609648632
1573,20,48,189,48189,Hale,23809,1,2026-10-01T16:25:23Z,Texas,0.004200092402032845
1580,20,48,37,48037,Bowie,50187,16,2026-10-01T16:25:26Z,Texas,0.0318807659354016
1581,20,48,63,48063,Camp,9620,0,2026-10-01T16:25:17Z,Texas,0
1582,20,48,67,48067,Cass,19125,0,2026-10-01T16:25:26Z,Texas,0
1583,20,48,87,48087,Collingsworth,4247,0,2026-10-01T16:25:17Z,Texas,0
1584,20,48,129,48129,Donley,4852,7,2026-10-01T16:25:17Z,Texas,0.1442704039571311
1585,20,48,183,48183,Gregg,80802,23,2026-10-01T16:25:17Z,Texas,0.028464641964307816
1586,20,48,203,48203,Harrison,36193,9,2026-10-01T16:25:17Z,Texas,0.02486668692841157
1587,20,48,343,48343,Morris,7962,0,2026-10-01T16:25:17Z,Texas,0
1589,20,48,365,48365,Panola,16078,1,2026-10-01T16:25:17Z,Texas,0.006219679064560268
1590,20,48,419,48419,Shelby,16049,4,2026-10-01T16:25:17Z,Texas,0.024923671256776123
1591,20,48,449,48449,Titus,18748,7,2026-10-01T16:25:17Z,Texas,0.03733731598037124
1592,20,48,459,48459,Upshur,25527,1,2026-10-01T16:25:17Z,Texas,0.003917420770164924
1593,20,48,483,48483,Wheeler,9021,0,2026-10-01T16:25:17Z,Texas,0
1637,20,48,117,48117,Deaf Smith,14214,0,2026-10-01T16:22:05Z,Texas,0
1638,20,48,473,48473,Waller,58393,8,2026-10-01T16:25:28Z,Texas,0.013700272292911821
1639,20,48,313,48313,Madison,8070,0,2026-10-01T16:25:28Z,Texas,0
1653,20,48,279,48279,Lamb,10169,0,2026-09-28T16:05:42Z,Texas,0
1657,20,48,233,48233,Hutchinson,19961,0,2026-10-01T16:22:22Z,Texas,0
1667,20,48,107,48107,Crosby,9787,0,2026-09-28T15:02:33Z,Texas,0
1668,20,48,153,48153,Floyd,3544,1,2026-10-01T16:25:22Z,Texas,0.02821670428893905
1671,20,48,199,48199,Hardin,31149,1,2026-10-01T16:25:28Z,Texas,0.003210375935021991
1676,20,48,65,48065,Carson,8052,0,2026-10-01T12:34:59Z,Texas,0
1679,20,48,471,48471,Walker,35231,11,2026-10-01T16:25:28Z,Texas,0.03122250290936959
1701,20,48,407,48407,San Jacinto,19423,0,2026-10-01T16:25:28Z,Texas,0
1715,20,48,15,48015,Austin,27793,1,2026-10-01T16:22:14Z,Texas,0.0035980282805022847
1726,20,48,205,48205,Hartley,4735,0,2026-10-01T16:22:22Z,Texas,0
1734,20,48,421,48421,Sherman,4407,0,2026-10-01T16:22:32Z,Texas,0
1762,20,48,195,48195,Hansford,6857,0,2026-10-01T16:22:32Z,Texas,0
1765,20,48,501,48501,Yoakum,7676,2,2026-10-01T16:25:29Z,Texas,0.02605523710265763
1771,20,48,169,48169,Garza,6350,0,2026-10-01T16:22:14Z,Texas,0
1800,20,48,79,48079,Cochran,3176,0,2026-10-01T16:25:29Z,Texas,0
1801,20,48,357,48357,Ochiltree,10286,0,2026-09-30T17:25:21Z,Texas,0
1804,20,48,285,48285,Lavaca,12540,0,2026-10-01T16:22:13Z,Texas,0
1805,20,48,341,48341,Moore,15175,1,2026-10-01T16:22:22Z,Texas,0.006589785831960461
1808,20,48,369,48369,Parmer,10135,1,2026-10-01T16:22:05Z,Texas,0.00986679822397632
1822,20,48,437,48437,Swisher,5402,1,2026-10-01T16:22:22Z,Texas,0.018511662347278787
1830,20,48,29,48029,Bexar,968051,43,2026-10-01T16:22:13Z,Texas,0.004441914733831172
1854,20,48,411,48411,San Saba,4006,20,2026-10-01T16:22:12Z,Texas,0.4992511233150275
1858,20,48,295,48295,Lipscomb,5283,0,2026-09-30T22:44:53Z,Texas,0
1861,20,48,359,48359,Oldham,3559,0,2026-10-01T16:22:22Z,Texas,0
1937,20,48,393,48393,Roberts,2829,0,2026-09-27T00:15:41Z,Texas,0
1944,20,48,149,48149,Fayette,16346,0,2026-10-01T16:22:14Z,Texas,0
1955,20,48,303,48303,Lubbock,132476,7,2026-10-01T16:22:20Z,Texas,0.005283975965457894
1959,20,48,17,48017,Bailey,5019,0,2026-09-28T15:56:10Z,Texas,0
1971,20,48,193,48193,Hamilton,7706,0,2026-10-01T16:22:21Z,Texas,0
1972,20,48,211,48211,Hemphill,5205,0,2026-10-01T13:42:21Z,Texas,0
2057,20,48,245,48245,Jefferson,120982,176,2026-10-01T16:25:28Z,Texas,0.14547618654014646
2058,20,48,361,48361,Orange,43327,19,2026-10-01T16:25:28Z,Texas,0.04385256306690978
2092,20,48,351,48351,Newton,7756,0,2026-10-01T16:25:28Z,Texas,0
2095,20,48,11,48011,Armstrong,3072,0,2026-10-01T16:22:22Z,Texas,0
2145,20,48,51,48051,Burleson,13525,0,2026-10-01T16:25:28Z,Texas,0
2239,20,48,477,48477,Washington,19659,0,2026-10-01T16:25:28Z,Texas,0
2314,20,48,69,48069,Castro,8463,0,2026-10-01T16:22:22Z,Texas,0
2415,20,48,319,48319,Mason,3997,30,2026-10-01T16:22:12Z,Texas,0.7505629221916438
2445,20,48,91,48091,Comal,103331,0,2026-10-01T16:22:13Z,Texas,0
2523,20,48,41,48041,Brazos,94230,39,2026-10-01T16:25:28Z,Texas,0.041388092964024195
2525,20,48,209,48209,Hays,128599,0,2026-10-01T16:22:14Z,Texas,0
2548,20,48,259,48259,Kendall,23350,23,2026-10-01T16:22:12Z,Texas,0.09850107066381156
2554,20,48,299,48299,Llano,21281,10,2026-10-01T16:22:12Z,Texas,0.04699027301348621
2555,20,48,31,48031,Blanco,11778,817,2026-10-01T16:22:12Z,Texas,6.936661572423161
2588,20,48,171,48171,Gillespie,18425,41,2026-10-01T16:22:12Z,Texas,0.22252374491180463
2589,20,48,265,48265,Kerr,35908,250,2026-10-01T16:22:12Z,Texas,0.6962236827447923
3167,20,48,19,48019,Bandera,17557,23,2026-10-01T16:22:05Z,Texas,0.13100187959218546
3168,20,48,315,48315,Marion,8242,0,2026-10-01T16:25:17Z,Texas,0
3704,20,48,443,48443,Terrell,1149,60,2026-10-01T16:22:21Z,Texas,5.221932114882506
3720,20,48,269,48269,King,861,0,2026-10-01T16:21:59Z,Texas,0
4169,20,48,141,48141,El Paso,350960,144,2026-10-01T16:25:27Z,Texas,0.041030316845224526
4176,20,48,229,48229,Hudspeth,2497,46,2026-10-01T16:22:07Z,Texas,1.84221065278334
6322,20,48,NA,NA,PALO_PINTO,0,0,2025-10-12T05:02:23Z,Texas,NA
6424,20,48,NA,NA,De Soto,1,0,2026-10-01T16:22:12Z,Texas,0
6425,20,48,403,48403,Sabine,9846,6,2026-10-01T16:22:12Z,Texas,0.06093845216331505
6426,20,48,405,48405,San Augustine,6069,0,2026-10-01T16:22:12Z,Texas,0
6626,20,48,NA,NA,San Juan,1,0,2025-08-12T18:57:33Z,Texas,0
1515,21,27,37,27037,Dakota,156033,0,2026-10-01T16:27:46Z,Minnesota,0
1516,21,27,53,27053,Hennepin,712582,228,2026-10-01T16:27:45Z,Minnesota,0.03199631761677955
1517,21,27,123,27123,Ramsey,303592,126,2026-10-01T16:25:22Z,Minnesota,0.04150306990961554
1518,21,27,131,27131,Rice,39293,0,2026-10-01T16:27:46Z,Minnesota,0
1519,21,27,163,27163,Washington,176037,28,2026-10-01T16:25:25Z,Minnesota,0.015905747087260065
1531,21,27,3,27003,Anoka,132038,21,2026-10-01T16:27:41Z,Minnesota,0.015904512337357426
1532,21,27,25,27025,Chisago,37777,104,2026-10-01T16:25:25Z,Minnesota,0.27529978558382084
1594,21,27,85,27085,Mcleod,12325,0,2026-10-01T16:27:44Z,Minnesota,0
1595,21,27,129,27129,Renville,9228,0,2026-10-01T16:27:46Z,Minnesota,0
1632,21,27,143,27143,Sibley,6010,0,2026-10-01T16:27:45Z,Minnesota,0
1658,21,27,79,27079,Le Sueur,12800,0,2026-10-01T16:27:45Z,Minnesota,0
1662,21,27,169,27169,Winona,25292,3,2026-10-01T16:27:45Z,Minnesota,0.011861458168590858
1674,21,27,157,27157,Wabasha,16203,0,2026-10-01T16:27:46Z,Minnesota,0
1703,21,27,19,27019,Carver,53357,0,2026-10-01T16:27:45Z,Minnesota,0
1708,21,27,23,27023,Chippewa,10069,0,2026-10-01T16:27:46Z,Minnesota,0
1719,21,27,141,27141,Sherburne,34390,0,2026-10-01T16:25:25Z,Minnesota,0
1749,21,27,13,27013,Blue Earth,44211,3,2026-10-01T16:27:45Z,Minnesota,0.0067856415824116174
1750,21,27,171,27171,Wright,73693,7,2026-10-01T16:27:49Z,Minnesota,0.009498866920874439
1753,21,27,145,27145,Stearns,75374,0,2026-10-01T16:27:45Z,Minnesota,0
1780,21,27,121,27121,Pope,15609,0,2026-10-01T16:25:23Z,Minnesota,0
1783,21,27,139,27139,Scott,48272,0,2026-10-01T16:27:45Z,Minnesota,0
1790,21,27,39,27039,Dodge,14855,0,2026-10-01T16:27:46Z,Minnesota,0
1793,21,27,27,27027,Clay,9496,3,2026-10-01T16:27:46Z,Minnesota,0.03159224936815501
1797,21,27,49,27049,Goodhue,32657,12,2026-10-01T16:27:46Z,Minnesota,0.036745567565912365
1823,21,27,117,27117,Pipestone,10533,1,2026-10-01T16:25:26Z,Minnesota,0.009493971328206589
1824,21,27,101,27101,Murray,9323,1,2026-10-01T16:27:44Z,Minnesota,0.010726161106939826
1826,21,27,127,27127,Redwood,6454,0,2026-10-01T16:27:46Z,Minnesota,0
1843,21,27,9,27009,Benton,26932,0,2026-10-01T16:25:25Z,Minnesota,0
1851,21,27,161,27161,Waseca,5296,0,2026-10-01T16:27:45Z,Minnesota,0
1865,21,27,103,27103,Nicollet,10295,2,2026-10-01T16:27:41Z,Minnesota,0.01942690626517727
1939,21,27,67,27067,Kandiyohi,15942,0,2026-10-01T16:27:45Z,Minnesota,0
1942,21,27,15,27015,Brown,670,0,2026-09-28T21:18:08Z,Minnesota,0
1974,21,27,109,27109,Olmsted,22790,1,2026-10-01T16:27:46Z,Minnesota,0.004387889425186486
2220,21,27,147,27147,Steele,4828,1,2026-10-01T16:27:49Z,Minnesota,0.020712510356255178
2226,21,27,41,27041,Douglas,22141,1,2026-10-01T16:27:45Z,Minnesota,0.004516507836141096
2235,21,27,173,27173,Yellow Medicine,4716,0,2026-10-01T16:27:46Z,Minnesota,0
2279,21,27,153,27153,Todd,18455,2,2026-10-01T16:27:45Z,Minnesota,0.01083717149823896
2350,21,27,99,27099,Mower,7048,0,2026-10-01T16:27:45Z,Minnesota,0
2358,21,27,83,27083,Lyon,6025,0,2026-10-01T16:27:46Z,Minnesota,0
2387,21,27,97,27097,Morrison,28295,1,2026-10-01T16:27:49Z,Minnesota,0.0035341933203746245
2416,21,27,55,27055,Houston,7748,0,2026-10-01T16:25:23Z,Minnesota,0
2441,21,27,73,27073,Lac Qui Parle,3447,6,2026-10-01T16:27:46Z,Minnesota,0.17406440382941687
2442,21,27,93,27093,Meeker,9935,0,2026-10-01T16:27:44Z,Minnesota,0
2499,21,27,43,27043,Faribault,6322,0,2026-10-01T16:27:45Z,Minnesota,0
2602,21,27,165,27165,Watonwan,569,0,2026-10-01T16:27:42Z,Minnesota,0
3092,21,27,167,27167,Wilkin,1635,0,2026-10-01T16:27:45Z,Minnesota,0
3201,21,27,7,27007,Beltrami,39309,0,2026-10-01T16:27:45Z,Minnesota,0
3202,21,27,17,27017,Carlton,35428,6,2026-10-01T16:27:40Z,Minnesota,0.016935757028339167
3203,21,27,21,27021,Cass,61858,3,2026-10-01T16:27:49Z,Minnesota,0.00484981732354748
3204,21,27,35,27035,Crow Wing,56000,49,2026-10-01T16:27:49Z,Minnesota,0.08750000000000001
3206,21,27,47,27047,Freeborn,16928,1,2026-10-01T16:27:45Z,Minnesota,0.005907372400756144
3207,21,27,57,27057,Hubbard,22759,1,2026-10-01T16:27:47Z,Minnesota,0.00439386616283668
3208,21,27,61,27061,Itasca,43938,4,2026-10-01T16:27:48Z,Minnesota,0.009103737084073011
3209,21,27,71,27071,Koochiching,9387,0,2026-10-01T16:27:43Z,Minnesota,0
3210,21,27,75,27075,Lake,8612,0,2026-10-01T15:38:34Z,Minnesota,0
3211,21,27,105,27105,Nobles,5273,3,2026-10-01T16:27:44Z,Minnesota,0.056893608951261145
3212,21,27,115,27115,Pine,33656,2,2026-10-01T16:27:40Z,Minnesota,0.0059424768243403845
3214,21,27,137,27137,St. Louis,155809,16,2026-10-01T16:27:48Z,Minnesota,0.010268983178121933
3215,21,27,149,27149,Stevens,7168,1,2026-10-01T16:27:43Z,Minnesota,0.013950892857142856
3216,21,27,159,27159,Wadena,4227,0,2026-10-01T16:27:47Z,Minnesota,0
3459,21,27,107,27107,Norman,2912,0,2026-10-01T16:27:46Z,Minnesota,0
3509,21,27,133,27133,Rock,2570,2,2026-10-01T16:25:26Z,Minnesota,0.07782101167315175
3511,21,27,11,27011,Big Stone,3326,1,2026-10-01T16:27:43Z,Minnesota,0.03006614552014432
3512,21,27,151,27151,Swift,5716,0,2026-10-01T16:27:46Z,Minnesota,0
3513,21,27,1,27001,Aitkin,27098,3,2026-10-01T16:27:47Z,Minnesota,0.011070927743744926
3514,21,27,59,27059,Isanti,19504,0,2026-10-01T16:25:25Z,Minnesota,0
3515,21,27,65,27065,Kanabec,7368,1,2026-10-01T16:25:25Z,Minnesota,0.013572204125950055
3516,21,27,95,27095,Mille Lacs,12922,11,2026-10-01T16:25:25Z,Minnesota,0.08512614146416964
3517,21,27,45,27045,Fillmore,7549,0,2026-10-01T16:27:45Z,Minnesota,0
3520,21,27,NA,NA,Unknown,33515,1,2026-10-01T16:27:45Z,Minnesota,0.002983738624496494
3555,21,27,111,27111,Otter Tail,45403,2,2026-10-01T16:27:45Z,Minnesota,0.0044049952646300905
3556,21,27,5,27005,Becker,15401,116,2026-10-01T16:27:47Z,Minnesota,0.753197844295825
3575,21,27,51,27051,Grant,5327,0,2026-10-01T16:27:45Z,Minnesota,0
3583,21,27,33,27033,Cottonwood,181,0,2026-10-01T16:27:42Z,Minnesota,0
3584,21,27,63,27063,Jackson,6270,0,2026-10-01T16:27:42Z,Minnesota,0
3585,21,27,81,27081,Lincoln,1548,0,2026-10-01T16:27:46Z,Minnesota,0
4436,21,27,29,27029,Clearwater,775,0,2026-10-01T16:27:47Z,Minnesota,0
4494,21,27,119,27119,Polk,10749,2,2026-10-01T16:27:46Z,Minnesota,0.018606381989022234
4496,21,27,69,27069,Kittson,1962,1,2026-10-01T16:25:23Z,Minnesota,0.05096839959225281
4589,21,27,87,27087,Mahnomen,3363,0,2026-10-01T16:27:46Z,Minnesota,0
4623,21,27,125,27125,Red Lake,1331,0,2026-10-01T16:25:23Z,Minnesota,0
4666,21,27,89,27089,Marshall,1955,2,2026-10-01T16:27:45Z,Minnesota,0.10230179028132991
4677,21,27,155,27155,Traverse,2670,0,2026-10-01T16:27:43Z,Minnesota,0
4945,21,27,31,27031,Cook,137,0,2022-11-10T20:52:56Z,Minnesota,0
5121,21,27,135,27135,Roseau,6295,0,2026-10-01T16:27:45Z,Minnesota,0
5669,21,27,91,27091,Martin,6647,0,2026-10-01T16:27:42Z,Minnesota,0
6559,21,27,77,27077,Lake of the Woods,3432,0,2026-10-01T16:27:45Z,Minnesota,0
6666,21,27,113,27113,Pennington,0,0,1900-01-01T00:00:00Z,Minnesota,NA
6933,21,27,NA,NA,Roberts,21,0,2026-05-07T19:35:06Z,Minnesota,0
7184,21,27,NA,NA,Osceola,1,0,2026-07-13T19:16:58Z,Minnesota,0
2707,22,19,71,19071,Fremont,4083,0,2026-10-01T13:45:16Z,Iowa,0
2708,22,19,137,19137,Montgomery,5341,0,2026-10-01T14:15:13Z,Iowa,0
2709,22,19,163,19163,Scott,87134,0,2026-10-01T16:22:57Z,Iowa,0
2850,22,19,153,19153,Polk,253604,37,2026-10-01T16:25:25Z,Iowa,0.01458967524171543
2869,22,19,49,19049,Dallas,60042,0,2026-10-01T16:22:58Z,Iowa,0
2871,22,19,155,19155,Pottawattamie,45973,33,2026-10-01T16:25:25Z,Iowa,0.07178126291518935
2872,22,19,103,19103,Johnson,80663,1,2026-10-01T16:22:58Z,Iowa,0.0012397257726590877
2873,22,19,107,19107,Keokuk,6444,0,2026-09-29T19:03:03Z,Iowa,0
2874,22,19,187,19187,Webster,18009,0,2026-10-01T16:22:58Z,Iowa,0
2875,22,19,13,19013,Black Hawk,65935,1,2026-10-01T16:25:25Z,Iowa,0.0015166451808599378
2876,22,19,91,19091,Humboldt,5257,0,2026-10-01T16:22:58Z,Iowa,0
2878,22,19,125,19125,Marion,11269,1,2026-10-01T16:25:25Z,Iowa,0.008873901854645488
2879,22,19,85,19085,Harrison,7260,0,2026-10-01T13:35:06Z,Iowa,0
2880,22,19,129,19129,Mills,8423,0,2026-10-01T13:15:08Z,Iowa,0
2881,22,19,181,19181,Warren,18068,0,2026-10-01T13:05:10Z,Iowa,0
2883,22,19,19,19019,Buchanan,6766,0,2026-10-01T13:03:01Z,Iowa,0
2888,22,19,193,19193,Woodbury,47122,9,2026-10-01T16:25:25Z,Iowa,0.019099359110394294
2893,22,19,145,19145,Page,7880,0,2026-09-26T18:23:46Z,Iowa,0
2896,22,19,23,19023,Butler,6424,0,2026-09-30T21:35:06Z,Iowa,0
2898,22,19,149,19149,Plymouth,9126,0,2026-09-30T18:22:57Z,Iowa,0
2899,22,19,119,19119,Lyon,2473,0,2026-10-01T16:25:26Z,Iowa,0
2988,22,19,157,19157,Poweshiek,9609,0,2026-10-01T15:53:05Z,Iowa,0
3000,22,19,133,19133,Monona,2732,0,2026-09-29T00:45:48Z,Iowa,0
3025,22,19,27,19027,Carroll,8761,1,2026-10-01T16:22:57Z,Iowa,0.011414222120762471
3031,22,19,123,19123,Mahaska,11905,0,2026-09-30T19:55:15Z,Iowa,0
3033,22,19,99,19099,Jasper,18950,0,2026-10-01T02:35:34Z,Iowa,0
3034,22,19,9,19009,Audubon,3588,0,2026-09-30T18:05:39Z,Iowa,0
3038,22,19,93,19093,Ida,4271,0,2026-09-30T12:52:55Z,Iowa,0
3039,22,19,167,19167,Sioux,6888,8,2026-10-01T16:25:25Z,Iowa,0.11614401858304298
3040,22,19,147,19147,Palo Alto,4480,0,2026-09-27T01:15:46Z,Iowa,0
3057,22,19,25,19025,Calhoun,5916,0,2026-10-01T16:22:58Z,Iowa,0
3058,22,19,33,19033,Cerro Gordo,25505,0,2026-09-29T23:33:09Z,Iowa,0
3059,22,19,45,19045,Clinton,25900,0,2026-10-01T16:22:57Z,Iowa,0
3060,22,19,165,19165,Shelby,3235,0,2026-10-01T06:33:51Z,Iowa,0
3061,22,19,121,19121,Madison,5020,0,2026-09-30T14:43:03Z,Iowa,0
3063,22,19,83,19083,Hardin,10098,0,2026-10-01T16:22:58Z,Iowa,0
3066,22,19,35,19035,Cherokee,5870,0,2026-09-29T13:43:05Z,Iowa,0
3067,22,19,69,19069,Franklin,5302,0,2026-10-01T16:22:58Z,Iowa,0
3082,22,19,3,19003,Adams,1587,0,2026-09-27T01:15:46Z,Iowa,0
3085,22,19,47,19047,Crawford,3627,0,2026-09-30T13:32:56Z,Iowa,0
3087,22,19,17,19017,Bremer,4778,0,2026-10-01T11:12:55Z,Iowa,0
3100,22,19,135,19135,Monroe,2489,0,2026-10-01T15:13:05Z,Iowa,0
3102,22,19,75,19075,Grundy,3973,7,2026-10-01T16:22:58Z,Iowa,0.17618927762396175
3104,22,19,37,19037,Chickasaw,3223,0,2026-10-01T16:25:23Z,Iowa,0
3111,22,19,67,19067,Floyd,8208,0,2026-09-30T21:15:11Z,Iowa,0
3159,22,19,151,19151,Pocahontas,2307,0,2026-10-01T16:22:58Z,Iowa,0
3164,22,19,21,19021,Buena Vista,7745,0,2026-10-01T13:05:10Z,Iowa,0
3165,22,19,173,19173,Taylor,3145,0,2026-09-30T15:43:31Z,Iowa,0
3186,22,19,95,19095,Iowa,8147,0,2026-10-01T16:22:58Z,Iowa,0
3187,22,19,161,19161,Sac,4466,0,2026-09-27T01:15:46Z,Iowa,0
3190,22,19,197,19197,Wright,7214,4,2026-10-01T16:25:25Z,Iowa,0.05544774050457444
3293,22,19,1,19001,Adair,1600,0,2026-09-30T15:23:00Z,Iowa,0
3294,22,19,5,19005,Allamakee,7843,0,2026-10-01T16:25:23Z,Iowa,0
3295,22,19,7,19007,Appanoose,6680,0,2026-10-01T13:43:05Z,Iowa,0
3296,22,19,11,19011,Benton,11205,2,2026-10-01T16:22:58Z,Iowa,0.0178491744756805
3297,22,19,15,19015,Boone,13132,0,2026-10-01T16:22:58Z,Iowa,0
3298,22,19,29,19029,Cass,2843,0,2026-09-29T15:43:00Z,Iowa,0
3299,22,19,31,19031,Cedar,8250,0,2026-10-01T16:22:58Z,Iowa,0
3300,22,19,39,19039,Clarke,4288,0,2026-09-28T14:53:40Z,Iowa,0
3301,22,19,41,19041,Clay,2426,0,2026-09-27T01:15:46Z,Iowa,0
3302,22,19,43,19043,Clayton,7576,1,2026-10-01T16:22:58Z,Iowa,0.013199577613516367
3303,22,19,51,19051,Davis,1860,0,2026-09-30T19:32:58Z,Iowa,0
3304,22,19,53,19053,Decatur,3012,0,2026-09-27T01:15:46Z,Iowa,0
3305,22,19,55,19055,Delaware,11215,0,2026-09-30T14:33:04Z,Iowa,0
3306,22,19,57,19057,Des Moines,20910,0,2026-10-01T16:22:57Z,Iowa,0
3307,22,19,59,19059,Dickinson,13437,0,2026-10-01T16:27:42Z,Iowa,0
3308,22,19,61,19061,Dubuque,52375,0,2026-09-29T11:52:56Z,Iowa,0
3309,22,19,63,19063,Emmet,2023,0,2026-10-01T16:27:42Z,Iowa,0
3310,22,19,65,19065,Fayette,10557,0,2026-10-01T16:25:23Z,Iowa,0
3311,22,19,73,19073,Greene,4859,0,2026-10-01T16:22:58Z,Iowa,0
3312,22,19,77,19077,Guthrie,3468,0,2026-10-01T16:22:58Z,Iowa,0
3313,22,19,79,19079,Hamilton,2871,0,2026-10-01T16:22:58Z,Iowa,0
3314,22,19,81,19081,Hancock,5551,0,2026-09-28T12:33:07Z,Iowa,0
3315,22,19,87,19087,Henry,3670,2,2026-10-01T16:22:57Z,Iowa,0.05449591280653951
3316,22,19,89,19089,Howard,5250,0,2026-10-01T16:25:23Z,Iowa,0
3317,22,19,97,19097,Jackson,8676,0,2026-10-01T16:22:57Z,Iowa,0
3318,22,19,101,19101,Jefferson,8151,0,2026-09-28T21:43:11Z,Iowa,0
3319,22,19,105,19105,Jones,12644,0,2026-10-01T16:22:58Z,Iowa,0
3320,22,19,109,19109,Kossuth,4116,0,2026-10-01T16:27:42Z,Iowa,0
3321,22,19,111,19111,Lee,16478,0,2026-09-28T23:23:29Z,Iowa,0
3322,22,19,113,19113,Linn,118872,0,2026-10-01T16:22:58Z,Iowa,0
3323,22,19,115,19115,Louisa,6004,0,2026-10-01T16:22:57Z,Iowa,0
3324,22,19,117,19117,Lucas,4389,0,2026-09-30T12:42:58Z,Iowa,0
3325,22,19,127,19127,Marshall,17465,0,2026-10-01T16:22:58Z,Iowa,0
3326,22,19,131,19131,Mitchell,2960,1,2026-10-01T16:25:23Z,Iowa,0.033783783783783786
3327,22,19,139,19139,Muscatine,6705,0,2026-10-01T16:22:57Z,Iowa,0
3328,22,19,141,19141,O'brien,4949,28,2026-10-01T16:25:25Z,Iowa,0.5657708628005658
3329,22,19,143,19143,Osceola,1116,0,2026-10-01T16:27:42Z,Iowa,0
3330,22,19,159,19159,Ringgold,3802,0,2026-09-27T01:15:46Z,Iowa,0
3331,22,19,169,19169,Story,42783,0,2026-10-01T16:22:58Z,Iowa,0
3332,22,19,171,19171,Tama,7410,0,2026-09-28T21:13:11Z,Iowa,0
3333,22,19,175,19175,Union,6340,0,2026-09-27T01:15:46Z,Iowa,0
3334,22,19,177,19177,Van Buren,3154,0,2026-09-27T01:15:46Z,Iowa,0
3335,22,19,179,19179,Wapello,17302,0,2026-09-29T13:53:21Z,Iowa,0
3336,22,19,183,19183,Washington,11576,0,2026-10-01T16:22:57Z,Iowa,0
3337,22,19,185,19185,Wayne,3527,0,2026-09-28T18:53:11Z,Iowa,0
3338,22,19,189,19189,Winnebago,2748,2,2026-10-01T16:22:57Z,Iowa,0.0727802037845706
3339,22,19,191,19191,Winneshiek,10657,0,2026-10-01T16:25:23Z,Iowa,0
3340,22,19,195,19195,Worth,3957,0,2026-10-01T16:27:45Z,Iowa,0
3424,22,19,NA,NA,Unknown,241,0,2026-09-27T01:15:46Z,Iowa,0
6324,22,19,NA,NA,Sauk,1,0,2025-07-08T18:24:27Z,Iowa,0
2516,23,29,9,29009,Barry,17599,0,2026-10-01T16:25:21Z,Missouri,0
2517,23,29,119,29119,Mcdonald,8775,0,2026-10-01T16:25:21Z,Missouri,0
2518,23,29,209,29209,Stone,29370,2,2026-10-01T16:25:21Z,Missouri,0.0068096697310180455
2519,23,29,213,29213,Taney,27294,0,2026-10-01T16:25:21Z,Missouri,0
2604,23,29,167,29167,Polk,14440,0,2026-10-01T16:23:28Z,Missouri,0
2605,23,29,NA,NA,Unknown,13217,0,2026-10-01T16:23:28Z,Missouri,0
2606,23,29,97,29097,Jasper,22850,0,2026-10-01T16:23:28Z,Missouri,0
2610,23,29,59,29059,Dallas,10304,0,2026-10-01T16:23:28Z,Missouri,0
2614,23,29,39,29039,Cedar,6849,0,2026-10-01T16:25:20Z,Missouri,0
2693,23,29,201,29201,Scott,16361,0,2026-10-01T16:25:18Z,Missouri,0
2702,23,29,43,29043,Christian,24297,0,2026-10-01T16:23:28Z,Missouri,0
2710,23,29,1,29001,Adair,12310,0,2026-10-01T16:25:18Z,Missouri,0
2711,23,29,7,29007,Audrain,13373,0,2026-10-01T16:25:18Z,Missouri,0
2712,23,29,19,29019,Boone,40518,52,2026-10-01T16:25:18Z,Missouri,0.12833802260723629
2713,23,29,25,29025,Caldwell,4297,0,2026-10-01T16:25:18Z,Missouri,0
2714,23,29,27,29027,Callaway,19605,0,2026-10-01T16:25:18Z,Missouri,0
2715,23,29,29,29029,Camden,41067,0,2026-10-01T16:25:18Z,Missouri,0
2716,23,29,31,29031,Cape Girardeau,37614,1,2026-10-01T16:25:18Z,Missouri,0.002658584569575158
2717,23,29,41,29041,Chariton,4876,0,2026-10-01T16:25:20Z,Missouri,0
2718,23,29,45,29045,Clark,2178,0,2026-10-01T16:25:18Z,Missouri,0
2719,23,29,47,29047,Clay,123330,0,2026-10-01T16:25:20Z,Missouri,0
2720,23,29,49,29049,Clinton,10796,0,2026-10-01T16:25:20Z,Missouri,0
2721,23,29,51,29051,Cole,37560,0,2026-10-01T16:25:18Z,Missouri,0
2722,23,29,53,29053,Cooper,7710,1,2026-10-01T16:25:18Z,Missouri,0.01297016861219196
2723,23,29,61,29061,Daviess,1936,0,2026-10-01T16:25:20Z,Missouri,0
2725,23,29,69,29069,Dunklin,10278,113,2026-10-01T16:25:18Z,Missouri,1.0994356878770188
2726,23,29,71,29071,Franklin,56271,3,2026-10-01T16:25:18Z,Missouri,0.005331342965292957
2727,23,29,73,29073,Gasconade,10865,0,2026-10-01T16:25:18Z,Missouri,0
2728,23,29,75,29075,Gentry,1334,0,2026-10-01T16:25:20Z,Missouri,0
2729,23,29,89,29089,Howard,9302,0,2026-10-01T16:25:20Z,Missouri,0
2730,23,29,93,29093,Iron,6000,0,2026-10-01T16:25:18Z,Missouri,0
2731,23,29,99,29099,Jefferson,108758,6,2026-10-01T16:25:18Z,Missouri,0.0055168355431324595
2732,23,29,103,29103,Knox,2356,0,2026-10-01T16:25:18Z,Missouri,0
2733,23,29,111,29111,Lewis,4214,0,2026-10-01T16:25:18Z,Missouri,0
2734,23,29,113,29113,Lincoln,33822,19,2026-10-01T16:25:18Z,Missouri,0.056176453196144525
2735,23,29,115,29115,Linn,4994,1,2026-10-01T16:25:18Z,Missouri,0.020024028834601523
2736,23,29,117,29117,Livingston,1862,0,2026-10-01T16:25:20Z,Missouri,0
2737,23,29,121,29121,Macon,5388,0,2026-10-01T16:23:25Z,Missouri,0
2738,23,29,125,29125,Maries,5611,3,2026-10-01T16:25:18Z,Missouri,0.053466405275351986
2739,23,29,127,29127,Marion,1819,0,2026-10-01T16:25:18Z,Missouri,0
2740,23,29,131,29131,Miller,17527,0,2026-10-01T16:25:18Z,Missouri,0
2741,23,29,133,29133,Mississippi,7938,0,2026-10-01T16:25:18Z,Missouri,0
2742,23,29,135,29135,Moniteau,9283,0,2026-10-01T16:25:18Z,Missouri,0
2743,23,29,137,29137,Monroe,4757,0,2026-10-01T16:25:18Z,Missouri,0
2744,23,29,139,29139,Montgomery,9714,0,2026-10-01T16:25:18Z,Missouri,0
2745,23,29,141,29141,Morgan,10253,23,2026-10-01T16:25:18Z,Missouri,0.2243245879254852
2746,23,29,143,29143,New Madrid,10902,2,2026-10-01T16:25:18Z,Missouri,0.0183452577508714
2747,23,29,151,29151,Osage,11477,0,2026-10-01T16:25:18Z,Missouri,0
2748,23,29,155,29155,Pemiscot,7446,5,2026-10-01T16:25:18Z,Missouri,0.06715014773032502
2749,23,29,159,29159,Pettis,18664,0,2026-10-01T16:25:20Z,Missouri,0
2750,23,29,163,29163,Pike,12211,0,2026-10-01T16:25:18Z,Missouri,0
2751,23,29,173,29173,Ralls,6025,0,2026-10-01T16:25:18Z,Missouri,0
2752,23,29,175,29175,Randolph,13651,0,2026-10-01T16:25:20Z,Missouri,0
2753,23,29,177,29177,Ray,15416,0,2026-10-01T16:25:20Z,Missouri,0
2754,23,29,179,29179,Reynolds,4220,0,2026-10-01T16:25:18Z,Missouri,0
2755,23,29,195,29195,Saline,7026,0,2026-10-01T16:25:20Z,Missouri,0
2756,23,29,197,29197,Schuyler,2009,0,2026-10-01T16:25:18Z,Missouri,0
2757,23,29,199,29199,Scotland,1464,0,2026-10-01T16:25:18Z,Missouri,0
2758,23,29,183,29183,St. Charles,195870,6,2026-10-01T16:25:18Z,Missouri,0.003063256241384592
2759,23,29,187,29187,St. Francois,28431,0,2026-10-01T16:25:18Z,Missouri,0
2760,23,29,189,29189,St. Louis,487678,126,2026-10-01T16:25:18Z,Missouri,0.025836720130906047
2761,23,29,510,29510,St. Louis City,174487,144,2026-10-01T16:25:18Z,Missouri,0.08252763816215535
2762,23,29,186,29186,Ste. Genevieve,12455,0,2026-10-01T16:25:18Z,Missouri,0
2763,23,29,207,29207,Stoddard,20240,13,2026-10-01T16:25:18Z,Missouri,0.06422924901185771
2764,23,29,211,29211,Sullivan,1351,0,2026-10-01T16:25:18Z,Missouri,0
2765,23,29,219,29219,Warren,23063,2,2026-10-01T16:25:18Z,Missouri,0.008671898712223042
2766,23,29,221,29221,Washington,15097,0,2026-10-01T16:25:18Z,Missouri,0
2891,23,29,77,29077,Greene,146324,12,2026-10-01T16:23:29Z,Missouri,0.008200978650118915
3101,23,29,145,29145,Newton,19096,0,2026-10-01T16:23:28Z,Missouri,0
3105,23,29,109,29109,Lawrence,14784,0,2026-10-01T16:23:28Z,Missouri,0
3395,23,29,85,29085,Hickory,10135,0,2026-10-01T16:23:28Z,Missouri,0
3404,23,29,57,29057,Dade,5096,0,2026-10-01T16:25:20Z,Missouri,0
3437,23,29,3,29003,Andrew,8327,0,2026-10-01T16:25:20Z,Missouri,0
3438,23,29,5,29005,Atchison,2216,0,2026-10-01T16:25:20Z,Missouri,0
3439,23,29,11,29011,Barton,3786,0,2026-10-01T16:25:20Z,Missouri,0
3440,23,29,13,29013,Bates,4679,0,2026-10-01T16:25:20Z,Missouri,0
3441,23,29,15,29015,Benton,17819,0,2026-10-01T16:25:20Z,Missouri,0
3442,23,29,21,29021,Buchanan,42629,1,2026-10-01T16:25:20Z,Missouri,0.002345820920030965
3443,23,29,33,29033,Carroll,2938,0,2026-10-01T16:25:20Z,Missouri,0
3444,23,29,37,29037,Cass,46862,9,2026-10-01T16:25:20Z,Missouri,0.019205326277154197
3445,23,29,63,29063,Dekalb,3502,0,2026-10-01T16:25:20Z,Missouri,0
3446,23,29,79,29079,Grundy,4770,0,2026-10-01T16:25:33Z,Missouri,0
3447,23,29,81,29081,Harrison,3109,0,2026-10-01T16:25:20Z,Missouri,0
3448,23,29,83,29083,Henry,11725,0,2026-10-01T16:25:20Z,Missouri,0
3449,23,29,87,29087,Holt,2741,0,2026-10-01T16:25:20Z,Missouri,0
3450,23,29,95,29095,Jackson,337395,18,2026-10-01T16:25:20Z,Missouri,0.005334993108967234
3451,23,29,101,29101,Johnson,26005,56,2026-10-01T16:25:20Z,Missouri,0.21534320323014802
3452,23,29,107,29107,Lafayette,12780,0,2026-10-01T16:25:20Z,Missouri,0
3453,23,29,129,29129,Mercer,1167,4,2026-10-01T16:25:20Z,Missouri,0.34275921165381323
3454,23,29,147,29147,Nodaway,10023,1,2026-10-01T16:25:20Z,Missouri,0.009977052778609198
3455,23,29,165,29165,Platte,55743,198,2026-10-01T16:25:20Z,Missouri,0.3552015499703999
3456,23,29,185,29185,St. Clair,6435,0,2026-10-01T16:25:20Z,Missouri,0
3457,23,29,217,29217,Vernon,10845,0,2026-10-01T16:25:20Z,Missouri,0
3458,23,29,227,29227,Worth,1343,0,2026-10-01T16:25:20Z,Missouri,0
3607,23,29,65,29065,Dent,6206,1,2026-10-01T16:23:27Z,Missouri,0.016113438607798906
3671,23,29,17,29017,Bollinger,7775,1,2026-10-01T16:23:28Z,Missouri,0.012861736334405145
3672,23,29,123,29123,Madison,4231,0,2026-10-01T16:25:18Z,Missouri,0
3673,23,29,157,29157,Perry,12169,0,2025-11-10T17:43:27Z,Missouri,0
3675,23,29,203,29203,Shannon,3729,0,2026-10-01T16:23:27Z,Missouri,0
3676,23,29,215,29215,Texas,11900,0,2026-10-01T16:23:28Z,Missouri,0
3677,23,29,67,29067,Douglas,6234,1,2026-10-01T16:23:28Z,Missouri,0.016041065126724416
3678,23,29,105,29105,Laclede,5416,2,2026-10-01T16:23:28Z,Missouri,0.03692762186115214
3679,23,29,225,29225,Webster,21376,4,2026-10-01T16:23:28Z,Missouri,0.018712574850299403
3680,23,29,55,29055,Crawford,11330,0,2026-10-01T16:25:18Z,Missouri,0
3681,23,29,161,29161,Phelps,12151,0,2026-10-01T16:23:28Z,Missouri,0
3682,23,29,205,29205,Shelby,2848,0,2026-10-01T16:23:25Z,Missouri,0
3683,23,29,223,29223,Wayne,8778,0,2026-10-01T16:23:27Z,Missouri,0
3684,23,29,169,29169,Pulaski,7597,5,2026-10-01T16:23:28Z,Missouri,0.0658154534684744
3685,23,29,153,29153,Ozark,6015,0,2026-10-01T16:23:24Z,Missouri,0
3688,23,29,229,29229,Wright,6483,0,2026-10-01T16:23:28Z,Missouri,0
3692,23,29,91,29091,Howell,7055,5,2026-10-01T16:23:28Z,Missouri,0.07087172218284904
3702,23,29,149,29149,Oregon,3785,0,2026-10-01T16:23:27Z,Missouri,0
3708,23,29,171,29171,Putnam,1072,0,2026-10-01T15:13:37Z,Missouri,0
3719,23,29,23,29023,Butler,16296,0,2026-10-01T16:23:28Z,Missouri,0
4296,23,29,35,29035,Carter,4349,0,2026-10-01T16:23:27Z,Missouri,0
4297,23,29,181,29181,Ripley,7968,0,2026-10-01T16:23:27Z,Missouri,0
1597,24,5,7,05007,Benton,152807,2,2026-10-01T16:25:26Z,Arkansas,0.0013088405635867466
1598,24,5,15,05015,Carroll,18958,1,2026-10-01T16:25:28Z,Arkansas,0.005274818018778352
1599,24,5,57,05057,Hempstead,5298,0,2026-10-01T16:25:28Z,Arkansas,0
1600,24,5,81,05081,Little River,8009,1,2026-10-01T16:25:26Z,Arkansas,0.01248595330253465
1601,24,5,83,05083,Logan,11004,0,2026-10-01T16:25:28Z,Arkansas,0
1602,24,5,91,05091,Miller,24050,0,2026-10-01T16:25:28Z,Arkansas,0
1603,24,5,109,05109,Pike,7289,0,2026-10-01T16:25:28Z,Arkansas,0
1604,24,5,113,05113,Polk,8939,1,2026-10-01T16:25:26Z,Arkansas,0.011186933661483387
1605,24,5,127,05127,Scott,6295,0,2026-10-01T16:25:28Z,Arkansas,0
1606,24,5,131,05131,Sebastian,68259,0,2026-10-01T16:25:17Z,Arkansas,0
1607,24,5,133,05133,Sevier,8921,1,2026-10-01T16:25:26Z,Arkansas,0.011209505660800359
1608,24,5,143,05143,Washington,133684,10,2026-10-01T16:25:26Z,Arkansas,0.007480326740672032
2082,24,5,93,05093,Mississippi,15389,0,2026-10-01T16:25:28Z,Arkansas,0
2083,24,5,95,05095,Monroe,6021,0,2026-10-01T16:25:28Z,Arkansas,0
2087,24,5,63,05063,Independence,20725,0,2026-10-01T16:25:28Z,Arkansas,0
2096,24,5,3,05003,Ashley,10581,0,2026-10-01T16:25:28Z,Arkansas,0
2097,24,5,31,05031,Craighead,27031,70,2026-10-01T16:25:28Z,Arkansas,0.2589619325959084
2098,24,5,37,05037,Cross,10349,0,2026-10-01T16:25:28Z,Arkansas,0
2099,24,5,69,05069,Jefferson,35182,13,2026-10-01T16:25:28Z,Arkansas,0.036950713433005516
2100,24,5,119,05119,Pulaski,192212,5,2026-10-01T16:25:28Z,Arkansas,0.0026012944040954777
2101,24,5,139,05139,Union,23460,16,2026-10-01T16:25:28Z,Arkansas,0.06820119352088662
2107,24,5,51,05051,Garland,63141,0,2026-10-01T16:25:28Z,Arkansas,0
2109,24,5,59,05059,Hot Spring,17432,4,2026-10-01T16:25:28Z,Arkansas,0.02294630564479119
2110,24,5,111,05111,Poinsett,13751,0,2026-10-01T16:25:28Z,Arkansas,0
2112,24,5,27,05027,Columbia,12800,0,2026-10-01T16:25:28Z,Arkansas,0
2116,24,5,115,05115,Pope,33080,0,2026-10-01T16:25:28Z,Arkansas,0
2124,24,5,1,05001,Arkansas,13042,0,2026-10-01T16:25:28Z,Arkansas,0
2125,24,5,97,05097,Montgomery,7912,0,2026-10-01T16:25:28Z,Arkansas,0
2127,24,5,103,05103,Ouachita,15107,0,2026-10-01T16:25:28Z,Arkansas,0
2128,24,5,125,05125,Saline,49949,139,2026-10-01T16:25:28Z,Arkansas,0.2782838495265171
2129,24,5,149,05149,Yell,11775,0,2026-10-01T16:25:28Z,Arkansas,0
2136,24,5,19,05019,Clark,12416,1,2026-10-01T16:25:28Z,Arkansas,0.008054123711340205
2140,24,5,121,05121,Randolph,11388,0,2026-10-01T16:25:28Z,Arkansas,0
2141,24,5,45,05045,Faulkner,47598,5,2026-10-01T16:25:28Z,Arkansas,0.010504643052229085
2147,24,5,43,05043,Drew,13433,0,2026-10-01T16:25:28Z,Arkansas,0
2148,24,5,137,05137,Stone,9124,0,2026-10-01T16:25:28Z,Arkansas,0
2152,24,5,5,05005,Baxter,28521,11,2026-10-01T16:25:28Z,Arkansas,0.038568072648224115
2153,24,5,89,05089,Marion,12137,1,2026-10-01T16:25:28Z,Arkansas,0.008239268352970256
2154,24,5,67,05067,Jackson,5119,0,2026-10-01T16:25:28Z,Arkansas,0
2155,24,5,145,05145,White,43550,4,2026-10-01T16:25:28Z,Arkansas,0.009184845005740528
2159,24,5,53,05053,Grant,11042,6,2026-10-01T16:25:28Z,Arkansas,0.054337982249592465
2161,24,5,25,05025,Cleveland,8966,8,2026-10-01T16:25:28Z,Arkansas,0.08922596475574393
2163,24,5,9,05009,Boone,22216,0,2026-10-01T16:25:28Z,Arkansas,0
2170,24,5,99,05099,Nevada,3653,0,2026-10-01T16:25:28Z,Arkansas,0
2173,24,5,123,05123,St. Francis,12472,0,2026-10-01T16:25:28Z,Arkansas,0
2174,24,5,107,05107,Phillips,10146,9,2026-10-01T16:25:28Z,Arkansas,0.08870490833826139
2181,24,5,29,05029,Conway,12689,3,2026-10-01T16:25:28Z,Arkansas,0.023642525021672314
2182,24,5,39,05039,Dallas,4533,0,2026-10-01T16:25:28Z,Arkansas,0
2189,24,5,17,05017,Chicot,5931,0,2026-10-01T16:25:28Z,Arkansas,0
2190,24,5,41,05041,Desha,10668,0,2026-10-01T16:25:28Z,Arkansas,0
2192,24,5,79,05079,Lincoln,8133,0,2026-10-01T16:25:28Z,Arkansas,0
2193,24,5,117,05117,Prairie,7188,1,2026-10-01T16:25:28Z,Arkansas,0.01391207568169171
2195,24,5,35,05035,Crittenden,12744,0,2026-10-01T16:25:28Z,Arkansas,0
2196,24,5,147,05147,Woodruff,4171,0,2026-10-01T16:25:28Z,Arkansas,0
2202,24,5,77,05077,Lee,5354,0,2026-10-01T16:25:28Z,Arkansas,0
2203,24,5,75,05075,Lawrence,10402,3,2026-10-01T16:25:28Z,Arkansas,0.02884060757546626
2207,24,5,21,05021,Clay,7243,0,2026-10-01T16:25:28Z,Arkansas,0
2209,24,5,129,05129,Searcy,6064,0,2026-10-01T16:25:28Z,Arkansas,0
2218,24,5,85,05085,Lonoke,40287,5,2026-10-01T16:25:28Z,Arkansas,0.012410951423536128
2219,24,5,135,05135,Sharp,12685,1,2026-10-01T16:25:28Z,Arkansas,0.007883326763894364
2225,24,5,55,05055,Greene,9682,0,2026-10-01T16:25:28Z,Arkansas,0
2230,24,5,23,05023,Cleburne,21235,3,2026-10-01T16:25:28Z,Arkansas,0.014127619496114905
2231,24,5,65,05065,Izard,9133,2,2026-10-01T16:25:28Z,Arkansas,0.02189860943830067
2253,24,5,11,05011,Bradley,8775,0,2026-10-01T16:25:28Z,Arkansas,0
2310,24,5,49,05049,Fulton,8165,1,2026-10-01T16:25:28Z,Arkansas,0.01224739742804654
2311,24,5,73,05073,Lafayette,5583,0,2026-10-01T16:25:28Z,Arkansas,0
2315,24,5,141,05141,Van Buren,12120,0,2026-10-01T16:25:28Z,Arkansas,0
2316,24,5,13,05013,Calhoun,4135,0,2026-10-01T16:25:28Z,Arkansas,0
2321,24,5,101,05101,Newton,5889,0,2026-10-01T16:25:28Z,Arkansas,0
2512,24,5,33,05033,Crawford,31342,1,2026-10-01T16:25:26Z,Arkansas,0.0031906068534235214
2513,24,5,47,05047,Franklin,10546,0,2026-10-01T16:25:26Z,Arkansas,0
2514,24,5,71,05071,Johnson,9777,0,2026-10-01T16:22:56Z,Arkansas,0
2515,24,5,87,05087,Madison,10905,0,2026-10-01T16:25:26Z,Arkansas,0
2520,24,5,NA,NA,Unknown,2590,0,2026-10-01T16:25:28Z,Arkansas,0
2522,24,5,105,05105,Perry,6161,2,2026-10-01T16:25:28Z,Arkansas,0.03246226261970459
3372,24,5,61,05061,Howard,7615,0,2026-10-01T16:25:26Z,Arkansas,0
5022,24,5,NA,NA,Leflore,0,0,2024-08-12T15:05:56Z,Arkansas,NA
7208,24,5,NA,NA,Jasper,0,0,2026-08-30T15:13:31Z,Arkansas,NA
1557,25,22,105,22105,Tangipahoa,73328,1,2026-10-01T16:25:28Z,Louisiana,0.0013637355444032293
1609,25,22,11,22011,Beauregard,20838,26,2026-10-01T16:25:28Z,Louisiana,0.12477205106056243
1610,25,22,13,22013,Bienville,8905,43,2026-10-01T16:25:28Z,Louisiana,0.48287478944413254
1611,25,22,15,22015,Bossier,65824,6,2026-10-01T16:25:28Z,Louisiana,0.009115216334467671
1612,25,22,17,22017,Caddo,122900,47,2026-10-01T16:25:17Z,Louisiana,0.038242473555736366
1613,25,22,31,22031,De Soto,17646,0,2026-10-01T16:25:17Z,Louisiana,0
1616,25,22,43,22043,Grant,12907,1,2026-10-01T16:25:28Z,Louisiana,0.007747733787867049
1621,25,22,69,22069,Natchitoches,13332,36,2026-10-01T16:25:28Z,Louisiana,0.27002700270027
1622,25,22,79,22079,Rapides,51768,5,2026-10-01T16:22:23Z,Louisiana,0.009658476278782259
1623,25,22,81,22081,Red River,4990,1,2026-10-01T16:25:28Z,Louisiana,0.02004008016032064
1624,25,22,85,22085,Sabine,18942,0,2026-10-01T16:25:28Z,Louisiana,0
1625,25,22,103,22103,St. Tammany,138047,40,2026-10-01T16:25:28Z,Louisiana,0.02897563873173629
1627,25,22,115,22115,Vernon,24641,16,2026-10-01T16:25:28Z,Louisiana,0.06493242969035348
1629,25,22,119,22119,Webster,16123,0,2026-10-01T16:25:28Z,Louisiana,0
1630,25,22,127,22127,Winn,5369,1,2026-10-01T16:25:28Z,Louisiana,0.018625442354255912
1643,25,22,19,22019,Calcasieu,104721,137,2026-10-01T16:25:28Z,Louisiana,0.13082380802322363
1651,25,22,3,22003,Allen,12049,13,2026-10-01T16:25:28Z,Louisiana,0.10789277118433065
1652,25,22,117,22117,Washington,25560,6,2026-10-01T16:25:28Z,Louisiana,0.023474178403755867
1681,25,22,39,22039,Evangeline,18050,0,2026-10-01T16:22:23Z,Louisiana,0
1995,25,22,5,22005,Ascension,46761,0,2026-10-01T16:25:28Z,Louisiana,0
1996,25,22,9,22009,Avoyelles,22228,45,2026-10-01T16:25:28Z,Louisiana,0.20244736368544178
1998,25,22,33,22033,East Baton Rouge,188873,133,2026-10-01T16:25:28Z,Louisiana,0.07041768807611463
1999,25,22,37,22037,East Feliciana,4330,0,2026-10-01T16:25:28Z,Louisiana,0
2001,25,22,45,22045,Iberia,34675,0,2026-10-01T16:25:28Z,Louisiana,0
2006,25,22,63,22063,Livingston,24405,1,2026-10-01T16:25:28Z,Louisiana,0.004097520999795124
2010,25,22,91,22091,St. Helena,1836,2,2026-10-01T16:25:28Z,Louisiana,0.10893246187363835
2012,25,22,125,22125,West Feliciana,1898,0,2026-10-01T16:25:28Z,Louisiana,0
2060,25,22,1,22001,Acadia,29665,6,2026-10-01T16:25:28Z,Louisiana,0.020225855385133995
2061,25,22,23,22023,Cameron,1920,0,2026-10-01T16:25:28Z,Louisiana,0
2062,25,22,41,22041,Franklin,7137,0,2026-10-01T16:25:28Z,Louisiana,0
2063,25,22,51,22051,Jefferson,216986,31,2026-10-01T16:25:28Z,Louisiana,0.014286636004166168
2064,25,22,55,22055,Lafayette,136832,6,2026-10-01T16:25:28Z,Louisiana,0.004384939195509822
2065,25,22,57,22057,Lafourche,43498,1,2026-10-01T16:25:28Z,Louisiana,0.0022989562738516714
2066,25,22,71,22071,Orleans,194130,1340,2026-10-01T16:25:28Z,Louisiana,0.6902591047236388
2068,25,22,75,22075,Plaquemines,13379,0,2026-10-01T16:25:28Z,Louisiana,0
2069,25,22,87,22087,St. Bernard,22983,9,2026-10-01T16:25:28Z,Louisiana,0.03915937867119175
2070,25,22,121,22121,West Baton Rouge,13574,2,2026-10-01T16:25:28Z,Louisiana,0.014734050390452334
2075,25,22,61,22061,Lincoln,13886,0,2026-10-01T16:25:28Z,Louisiana,0
2076,25,22,73,22073,Ouachita,82916,6,2026-10-01T16:25:28Z,Louisiana,0.00723623908533938
2077,25,22,77,22077,Pointe Coupee,5153,0,2026-10-01T16:25:28Z,Louisiana,0
2078,25,22,97,22097,St. Landry,47381,39,2026-10-01T16:25:28Z,Louisiana,0.08231147506384416
2080,25,22,101,22101,St. Mary,18711,0,2026-10-01T16:22:22Z,Louisiana,0
2084,25,22,7,22007,Assumption,10441,0,2026-10-01T16:25:28Z,Louisiana,0
2085,25,22,89,22089,St. Charles,23079,154,2026-10-01T16:25:28Z,Louisiana,0.6672732787382469
2089,25,22,53,22053,Jefferson Davis,12683,0,2026-10-01T16:25:28Z,Louisiana,0
2102,25,22,27,22027,Claiborne,8831,0,2026-10-01T16:25:28Z,Louisiana,0
2103,25,22,65,22065,Madison,5640,0,2026-10-01T16:25:28Z,Louisiana,0
2104,25,22,95,22095,St. John The Baptist,19399,0,2026-10-01T16:25:28Z,Louisiana,0
2105,25,22,107,22107,Tensas,3696,0,2026-10-01T16:25:28Z,Louisiana,0
2108,25,22,109,22109,Terrebonne,27569,11,2026-10-01T16:25:28Z,Louisiana,0.039899887554862346
2113,25,22,35,22035,East Carroll,3350,9,2026-10-01T16:25:28Z,Louisiana,0.26865671641791045
2119,25,22,49,22049,Jackson,9130,0,2026-10-01T16:25:28Z,Louisiana,0
2120,25,22,29,22029,Concordia,7878,1,2026-10-01T16:25:28Z,Louisiana,0.012693577050012695
2121,25,22,47,22047,Iberville,9398,1,2026-10-01T16:25:28Z,Louisiana,0.010640561821664184
2122,25,22,99,22099,St. Martin,26513,13,2026-10-01T16:25:28Z,Louisiana,0.04903255006977709
2130,25,22,NA,NA,E. Feliciana,0,0,2020-07-28T20:50:27Z,Louisiana,NA
2135,25,22,21,22021,Caldwell,6273,0,2026-10-01T16:25:28Z,Louisiana,0
2146,25,22,93,22093,St. James,9907,0,2026-10-01T16:25:28Z,Louisiana,0
2156,25,22,113,22113,Vermilion,24728,0,2026-10-01T16:25:28Z,Louisiana,0
2158,25,22,67,22067,Morehouse,12386,0,2026-10-01T16:25:28Z,Louisiana,0
2160,25,22,111,22111,Union,13780,0,2026-10-01T16:25:28Z,Louisiana,0
2171,25,22,123,22123,West Carroll,2512,0,2026-10-01T16:25:28Z,Louisiana,0
2178,25,22,83,22083,Richland,9288,1,2026-10-01T16:25:28Z,Louisiana,0.010766580534022395
2184,25,22,25,22025,Catahoula,1431,2,2026-10-01T16:25:28Z,Louisiana,0.1397624039133473
2186,25,22,59,22059,La Salle,7962,0,2026-10-01T16:25:28Z,Louisiana,0
2187,25,22,NA,NA,W. Feliciana,0,0,2020-07-24T01:30:22Z,Louisiana,NA
3169,25,22,NA,NA,Unknown,5931,4,2026-10-01T16:25:28Z,Louisiana,0.06744225257123587
4287,25,22,NA,NA,E. Baton Rouge,0,0,2020-07-29T18:40:27Z,Louisiana,NA
4288,25,22,NA,NA,W. Baton Rouge,0,0,2020-07-29T18:40:27Z,Louisiana,NA
4293,25,22,NA,NA,E. Carroll,0,0,2020-07-29T18:40:27Z,Louisiana,NA
4295,25,22,NA,NA,W. Carroll,0,0,2020-07-24T10:20:23Z,Louisiana,NA
6944,25,22,NA,NA,Morehouse Parish,115,0,2026-09-30T17:12:40Z,Louisiana,0
6966,25,22,NA,NA,Vermillion,15953,0,2026-10-01T16:22:23Z,Louisiana,0
7176,25,22,NA,NA,DeSoto,4993,0,2026-10-01T16:22:22Z,Louisiana,0
7177,25,22,NA,NA,LaSalle,98,0,2026-10-01T16:22:22Z,Louisiana,0
1520,26,55,17,55017,Chippewa,30037,0,2026-10-01T16:27:39Z,Wisconsin,0
1521,26,55,95,55095,Polk,38232,0,2026-10-01T16:27:38Z,Wisconsin,0
1560,26,55,125,55125,Vilas,37853,15,2026-10-01T16:27:38Z,Wisconsin,0.03962697804665417
1574,26,55,63,55063,La Crosse,70097,15,2026-10-01T16:25:22Z,Wisconsin,0.021398918641311326
1641,26,55,7,55007,Bayfield,15884,0,2026-09-28T19:45:22Z,Wisconsin,0
1647,26,55,5,55005,Barron,25480,0,2026-10-01T16:27:39Z,Wisconsin,0
1656,26,55,35,55035,Eau Claire,59793,7,2026-10-01T16:27:37Z,Wisconsin,0.011707056009900825
1665,26,55,93,55093,Pierce,17624,0,2026-10-01T16:27:39Z,Wisconsin,0
1670,26,55,19,55019,Clark,26400,1,2026-10-01T16:27:37Z,Wisconsin,0.003787878787878788
1711,26,55,33,55033,Dunn,28376,0,2026-10-01T16:27:39Z,Wisconsin,0
1784,26,55,107,55107,Rusk,12405,0,2026-10-01T16:27:38Z,Wisconsin,0
1792,26,55,11,55011,Buffalo,4892,0,2026-10-01T16:27:37Z,Wisconsin,0
1835,26,55,113,55113,Sawyer,16378,24,2026-10-01T16:27:38Z,Wisconsin,0.1465380388325803
1841,26,55,129,55129,Washburn,15642,0,2026-10-01T16:27:38Z,Wisconsin,0
1859,26,55,3,55003,Ashland,14637,1,2026-10-01T16:27:36Z,Wisconsin,0.0068320010931201755
1943,26,55,81,55081,Monroe,26251,0,2026-10-01T16:27:36Z,Wisconsin,0
1963,26,55,91,55091,Pepin,5229,0,2026-10-01T16:27:39Z,Wisconsin,0
2106,26,55,53,55053,Jackson,10424,0,2026-10-01T16:27:37Z,Wisconsin,0
2151,26,55,121,55121,Trempealeau,7846,0,2026-10-01T16:27:37Z,Wisconsin,0
2222,26,55,99,55099,Price,12710,0,2026-10-01T16:27:36Z,Wisconsin,0
2229,26,55,123,55123,Vernon,15696,0,2026-09-30T20:27:59Z,Wisconsin,0
2234,26,55,119,55119,Taylor,9109,0,2026-10-01T16:27:37Z,Wisconsin,0
2237,26,55,51,55051,Iron,10093,0,2026-10-01T16:27:36Z,Wisconsin,0
2309,26,55,73,55073,Marathon,53224,0,2026-10-01T16:27:37Z,Wisconsin,0
2901,26,55,79,55079,Milwaukee,192490,68,2026-10-01T16:27:35Z,Wisconsin,0.035326510468076264
2902,26,55,87,55087,Outagamie,53213,0,2026-10-01T15:38:34Z,Wisconsin,0
2903,26,55,101,55101,Racine,54533,2,2026-10-01T16:27:35Z,Wisconsin,0.003667504080098289
2945,26,55,133,55133,Waukesha,105786,148,2026-10-01T16:27:35Z,Wisconsin,0.13990509141096177
2950,26,55,9,55009,Brown,63764,12,2026-10-01T16:27:38Z,Wisconsin,0.018819396524684773
2951,26,55,115,55115,Shawano,27307,1,2026-10-01T16:27:36Z,Wisconsin,0.0036620646720621087
2952,26,55,139,55139,Winnebago,62146,0,2026-09-30T15:47:39Z,Wisconsin,0
2954,26,55,27,55027,Dodge,52344,0,2026-10-01T16:27:37Z,Wisconsin,0
2955,26,55,89,55089,Ozaukee,24995,3,2026-10-01T16:27:35Z,Wisconsin,0.01200240048009602
2962,26,55,109,55109,St. Croix,43438,1,2026-10-01T16:27:39Z,Wisconsin,0.002302131774022745
2986,26,55,59,55059,Kenosha,60877,0,2026-10-01T15:17:22Z,Wisconsin,0
3005,26,55,131,55131,Washington,53281,0,2026-10-01T13:27:09Z,Wisconsin,0
3019,26,55,117,55117,Sheboygan,56042,0,2026-10-01T14:47:13Z,Wisconsin,0
3029,26,55,55,55055,Jefferson,33270,0,2026-10-01T16:27:37Z,Wisconsin,0
3049,26,55,31,55031,Douglas,10075,3,2026-10-01T16:25:25Z,Wisconsin,0.02977667493796526
3062,26,55,57,55057,Juneau,17871,12,2026-10-01T16:27:36Z,Wisconsin,0.06714789323484975
3065,26,55,127,55127,Walworth,62868,0,2026-10-01T16:27:32Z,Wisconsin,0
3090,26,55,137,55137,Waushara,20630,1,2026-10-01T16:27:37Z,Wisconsin,0.004847309743092583
3091,26,55,47,55047,Green Lake,12424,0,2026-09-27T01:15:46Z,Wisconsin,0
3097,26,55,69,55069,Lincoln,17130,0,2026-10-01T16:27:37Z,Wisconsin,0
3163,26,55,37,55037,Florence,4732,0,2026-09-23T22:47:33Z,Wisconsin,0
3171,26,55,135,55135,Waupaca,27219,0,2026-10-01T16:27:37Z,Wisconsin,0
3194,26,55,41,55041,Forest,12078,0,2026-09-30T15:17:48Z,Wisconsin,0
3199,26,55,25,55025,Dane,300155,0,2026-10-01T16:27:39Z,Wisconsin,0
3219,26,55,85,55085,Oneida,34000,2,2026-10-01T16:27:38Z,Wisconsin,0.0058823529411764705
3220,26,55,75,55075,Marinette,31691,7,2026-10-01T16:27:38Z,Wisconsin,0.022088290050803067
3221,26,55,29,55029,Door,20958,0,2026-09-30T13:57:25Z,Wisconsin,0
3225,26,55,97,55097,Portage,32178,0,2026-10-01T16:27:37Z,Wisconsin,0
3226,26,55,15,55015,Calumet,38046,0,2026-09-30T01:37:44Z,Wisconsin,0
3341,26,55,1,55001,Adams,21381,0,2026-10-01T16:27:37Z,Wisconsin,0
3342,26,55,21,55021,Columbia,25200,0,2026-10-01T16:27:37Z,Wisconsin,0
3343,26,55,23,55023,Crawford,10218,0,2026-10-01T08:07:07Z,Wisconsin,0
3344,26,55,39,55039,Fond Du Lac,55671,0,2026-10-01T14:47:13Z,Wisconsin,0
3345,26,55,43,55043,Grant,19283,0,2026-10-01T15:17:23Z,Wisconsin,0
3346,26,55,45,55045,Green,16538,0,2026-10-01T16:27:32Z,Wisconsin,0
3347,26,55,49,55049,Iowa,14533,0,2026-09-27T01:15:46Z,Wisconsin,0
3348,26,55,65,55065,Lafayette,6497,0,2026-09-30T14:47:24Z,Wisconsin,0
3349,26,55,67,55067,Langlade,16027,0,2026-09-30T20:37:27Z,Wisconsin,0
3350,26,55,71,55071,Manitowoc,14810,0,2026-10-01T04:17:21Z,Wisconsin,0
3351,26,55,77,55077,Marquette,11339,1,2026-10-01T16:27:37Z,Wisconsin,0.008819119851838787
3352,26,55,78,55078,Menominee,4367,0,2026-10-01T16:27:36Z,Wisconsin,0
3353,26,55,83,55083,Oconto,30837,1,2026-10-01T16:27:36Z,Wisconsin,0.003242857606122515
3354,26,55,103,55103,Richland,3197,0,2026-09-27T01:15:46Z,Wisconsin,0
3355,26,55,105,55105,Rock,85410,0,2026-10-01T16:27:32Z,Wisconsin,0
3356,26,55,111,55111,Sauk,30112,0,2026-10-01T16:27:37Z,Wisconsin,0
3357,26,55,141,55141,Wood,28987,0,2026-10-01T16:27:37Z,Wisconsin,0
3360,26,55,13,55013,Burnett,14909,0,2026-10-01T16:27:38Z,Wisconsin,0
3370,26,55,61,55061,Kewaunee,8632,0,2026-09-30T20:47:31Z,Wisconsin,0
3373,26,55,NA,NA,Unknown,1328,0,2026-10-01T16:27:37Z,Wisconsin,0
5122,26,55,NA,NA,Dickinson,0,0,2024-04-03T14:41:09Z,Wisconsin,NA
6149,26,55,NA,NA,manitowic,0,0,2025-10-04T21:16:34Z,Wisconsin,NA
6619,26,55,NA,NA,Dallas,1,0,2026-06-16T18:15:20Z,Wisconsin,0
6965,26,55,NA,NA,Story,2,0,2026-09-22T18:25:29Z,Wisconsin,0
2767,27,17,1,17001,Adams,33760,0,2026-10-01T16:27:29Z,Illinois,0
2768,27,17,3,17003,Alexander,725,0,2026-10-01T16:25:18Z,Illinois,0
2769,27,17,5,17005,Bond,8257,0,2026-10-01T16:27:33Z,Illinois,0
2770,27,17,9,17009,Brown,3170,0,2026-10-01T16:27:29Z,Illinois,0
2771,27,17,11,17011,Bureau,14105,1,2026-10-01T16:27:32Z,Illinois,0.007089684509039348
2772,27,17,13,17013,Calhoun,4864,0,2026-10-01T16:25:18Z,Illinois,0
2773,27,17,17,17017,Cass,7408,0,2026-10-01T16:25:18Z,Illinois,0
2774,27,17,19,17019,Champaign,100746,13,2026-10-01T16:27:33Z,Illinois,0.012903738113672006
2775,27,17,21,17021,Christian,17128,0,2026-10-01T16:27:34Z,Illinois,0
2776,27,17,23,17023,Clark,5394,0,2026-10-01T16:27:33Z,Illinois,0
2777,27,17,25,17025,Clay,2293,0,2026-10-01T16:27:34Z,Illinois,0
2778,27,17,27,17027,Clinton,14365,2,2026-10-01T16:27:34Z,Illinois,0.01392272885485555
2779,27,17,29,17029,Coles,24773,0,2026-10-01T16:27:33Z,Illinois,0
2780,27,17,33,17033,Crawford,11263,0,2026-10-01T16:27:30Z,Illinois,0
2781,27,17,35,17035,Cumberland,5169,0,2026-10-01T16:27:34Z,Illinois,0
2782,27,17,39,17039,De Witt,7763,5,2026-10-01T16:27:32Z,Illinois,0.0644080896560608
2783,27,17,41,17041,Douglas,9574,1,2026-10-01T16:27:33Z,Illinois,0.010444955086693127
2784,27,17,45,17045,Edgar,9558,0,2026-10-01T16:27:33Z,Illinois,0
2785,27,17,47,17047,Edwards,3639,0,2026-10-01T16:27:34Z,Illinois,0
2786,27,17,49,17049,Effingham,17281,0,2026-10-01T16:27:34Z,Illinois,0
2787,27,17,51,17051,Fayette,11062,0,2026-10-01T16:27:34Z,Illinois,0
2788,27,17,53,17053,Ford,7412,0,2026-10-01T16:27:33Z,Illinois,0
2789,27,17,55,17055,Franklin,23421,0,2026-10-01T16:27:34Z,Illinois,0
2790,27,17,57,17057,Fulton,14576,0,2026-10-01T16:27:29Z,Illinois,0
2791,27,17,59,17059,Gallatin,4361,0,2026-10-01T16:27:34Z,Illinois,0
2792,27,17,61,17061,Greene,7811,0,2026-10-01T16:27:33Z,Illinois,0
2793,27,17,65,17065,Hamilton,4342,0,2026-10-01T16:27:34Z,Illinois,0
2794,27,17,67,17067,Hancock,8098,10,2026-10-01T16:27:29Z,Illinois,0.12348728081007657
2795,27,17,71,17071,Henderson,4071,7,2026-10-01T16:25:18Z,Illinois,0.17194792434291328
2796,27,17,73,17073,Henry,22354,0,2026-10-01T16:27:32Z,Illinois,0
2797,27,17,75,17075,Iroquois,15272,0,2026-10-01T16:27:33Z,Illinois,0
2798,27,17,77,17077,Jackson,19593,11,2026-10-01T16:25:18Z,Illinois,0.056142499872403405
2799,27,17,79,17079,Jasper,4444,0,2026-10-01T16:27:30Z,Illinois,0
2800,27,17,81,17081,Jefferson,19100,0,2026-10-01T16:27:34Z,Illinois,0
2801,27,17,83,17083,Jersey,11007,2,2026-10-01T16:27:33Z,Illinois,0.018170255292086854
2802,27,17,87,17087,Johnson,8722,20,2026-10-01T16:27:33Z,Illinois,0.2293052052281587
2803,27,17,91,17091,Kankakee,51010,0,2026-10-01T16:27:33Z,Illinois,0
2804,27,17,93,17093,Kendall,54827,0,2026-10-01T16:27:28Z,Illinois,0
2805,27,17,95,17095,Knox,25798,31,2026-10-01T16:27:32Z,Illinois,0.12016435382587798
2806,27,17,99,17099,Lasalle,50363,0,2026-10-01T16:27:32Z,Illinois,0
2807,27,17,101,17101,Lawrence,8232,0,2026-10-01T16:27:30Z,Illinois,0
2808,27,17,105,17105,Livingston,19180,0,2026-10-01T16:27:33Z,Illinois,0
2809,27,17,107,17107,Logan,13675,0,2026-10-01T16:27:32Z,Illinois,0
2810,27,17,115,17115,Macon,53799,7,2026-10-01T16:27:34Z,Illinois,0.0130113942638339
2811,27,17,117,17117,Macoupin,24955,287,2026-10-01T16:27:33Z,Illinois,1.150070126227209
2812,27,17,119,17119,Madison,125234,13,2026-10-01T16:27:34Z,Illinois,0.010380567577494929
2813,27,17,121,17121,Marion,20335,1,2026-10-01T16:27:34Z,Illinois,0.004917629702483403
2814,27,17,123,17123,Marshall,6896,0,2026-10-01T16:27:32Z,Illinois,0
2815,27,17,125,17125,Mason,11186,0,2026-10-01T16:25:18Z,Illinois,0
2816,27,17,127,17127,Massac,1167,10,2026-10-01T16:25:18Z,Illinois,0.8568980291345331
2817,27,17,109,17109,Mcdonough,9832,0,2026-10-01T16:27:29Z,Illinois,0
2818,27,17,113,17113,Mclean,85628,0,2026-10-01T16:27:34Z,Illinois,0
2819,27,17,129,17129,Menard,6412,0,2026-10-01T16:25:18Z,Illinois,0
2820,27,17,131,17131,Mercer,9148,0,2026-10-01T16:25:18Z,Illinois,0
2821,27,17,133,17133,Monroe,11931,0,2026-10-01T16:27:34Z,Illinois,0
2822,27,17,135,17135,Montgomery,14979,26,2026-10-01T16:27:34Z,Illinois,0.1735763402096268
2823,27,17,137,17137,Morgan,18148,3,2026-10-01T16:27:33Z,Illinois,0.016530747189772977
2824,27,17,139,17139,Moultrie,3642,0,2026-10-01T16:27:34Z,Illinois,0
2825,27,17,143,17143,Peoria,90243,1,2026-10-01T16:25:18Z,Illinois,0.001108119189300001
2826,27,17,145,17145,Perry,10446,0,2026-10-01T16:27:34Z,Illinois,0
2827,27,17,147,17147,Piatt,9183,3,2026-10-01T16:27:33Z,Illinois,0.03266906239790918
2828,27,17,149,17149,Pike,11531,0,2026-10-01T16:27:29Z,Illinois,0
2829,27,17,153,17153,Pulaski,1689,0,2026-10-01T16:25:18Z,Illinois,0
2830,27,17,155,17155,Putnam,3737,0,2026-10-01T16:27:32Z,Illinois,0
2831,27,17,157,17157,Randolph,14397,1,2026-10-01T16:27:34Z,Illinois,0.0069458915051746895
2832,27,17,159,17159,Richland,8686,0,2026-10-01T16:27:34Z,Illinois,0
2833,27,17,165,17165,Saline,16664,0,2026-10-01T16:25:18Z,Illinois,0
2834,27,17,167,17167,Sangamon,97619,218,2026-10-01T16:27:33Z,Illinois,0.22331718210594248
2835,27,17,169,17169,Schuyler,4024,0,2026-10-01T16:27:29Z,Illinois,0
2836,27,17,171,17171,Scott,3429,0,2026-10-01T16:25:18Z,Illinois,0
2837,27,17,173,17173,Shelby,12072,0,2026-10-01T16:27:34Z,Illinois,0
2839,27,17,175,17175,Stark,3039,0,2026-10-01T16:27:32Z,Illinois,0
2840,27,17,179,17179,Tazewell,65229,0,2026-10-01T16:27:32Z,Illinois,0
2841,27,17,181,17181,Union,4711,0,2026-10-01T16:27:33Z,Illinois,0
2842,27,17,183,17183,Vermilion,37671,2,2026-10-01T16:27:33Z,Illinois,0.005309123729128507
2843,27,17,185,17185,Wabash,873,0,2026-10-01T16:27:34Z,Illinois,0
2844,27,17,187,17187,Warren,10319,0,2026-10-01T16:25:18Z,Illinois,0
2845,27,17,189,17189,Washington,7983,0,2026-10-01T16:27:34Z,Illinois,0
2846,27,17,191,17191,Wayne,9419,2,2026-10-01T16:27:34Z,Illinois,0.02123367661110521
2847,27,17,193,17193,White,6027,19,2026-10-01T16:27:34Z,Illinois,0.31524805043968807
2848,27,17,199,17199,Williamson,41772,2,2026-10-01T16:25:18Z,Illinois,0.004787896198410418
2849,27,17,203,17203,Woodford,18209,0,2026-10-01T16:27:32Z,Illinois,0
2851,27,17,7,17007,Boone,22326,0,2026-10-01T16:27:32Z,Illinois,0
2852,27,17,15,17015,Carroll,10150,0,2026-10-01T16:27:28Z,Illinois,0
2853,27,17,31,17031,Cook,2411594,119,2026-10-01T16:27:28Z,Illinois,0.004934495607469583
2854,27,17,37,17037,Dekalb,46356,0,2026-10-01T16:27:28Z,Illinois,0
2855,27,17,43,17043,Dupage,369724,0,2026-10-01T16:27:28Z,Illinois,0
2856,27,17,63,17063,Grundy,24666,0,2026-10-01T16:27:28Z,Illinois,0
2857,27,17,85,17085,Jo Daviess,16030,0,2026-10-01T16:27:28Z,Illinois,0
2858,27,17,89,17089,Kane,177016,0,2026-10-01T16:27:28Z,Illinois,0
2860,27,17,97,17097,Lake,299163,143,2026-10-01T16:27:28Z,Illinois,0.047800028746870435
2861,27,17,103,17103,Lee,22707,0,2026-10-01T16:27:28Z,Illinois,0
2862,27,17,111,17111,Mchenry,139018,0,2026-10-01T16:27:28Z,Illinois,0
2863,27,17,141,17141,Ogle,18771,0,2026-10-01T16:27:28Z,Illinois,0
2864,27,17,161,17161,Rock Island,76648,195,2026-10-01T16:27:28Z,Illinois,0.2544097693351425
2865,27,17,177,17177,Stephenson,22888,19,2026-10-01T16:27:28Z,Illinois,0.08301293254106956
2866,27,17,195,17195,Whiteside,22997,1,2026-10-01T16:27:32Z,Illinois,0.00434839326868722
2867,27,17,197,17197,Will,267451,1,2026-10-01T16:27:28Z,Illinois,3.73900265843089e-4
2868,27,17,201,17201,Winnebago,136106,45,2026-10-01T16:27:32Z,Illinois,0.033062466019132146
2870,27,17,NA,NA,Unknown,4210,0,2026-10-01T16:27:33Z,Illinois,0
2884,27,17,163,17163,St. Clair,119834,2,2026-10-01T16:27:34Z,Illinois,0.0016689754159921225
2889,27,17,69,17069,Hardin,5970,0,2026-10-01T14:47:10Z,Illinois,0
2895,27,17,151,17151,Pope,6921,3,2026-10-01T16:27:31Z,Illinois,0.043346337234503686
5162,27,17,NA,NA,Newton,4,0,2026-10-01T16:27:28Z,Illinois,0
5179,27,17,NA,NA,Kenosha,30,0,2026-10-01T16:27:28Z,Illinois,0
7175,27,17,NA,NA,Benton,1618,0,2026-09-30T03:56:53Z,Illinois,0
7193,27,17,NA,NA,Vermillion,535,0,2026-09-16T12:07:50Z,Illinois,0
7200,27,17,NA,NA,Tippecanoe,238,0,2026-09-16T12:17:56Z,Illinois,0
1295,28,28,7,28007,Attala,7626,9,2026-10-01T16:25:28Z,Mississippi,0.11801730920535011
1296,28,28,23,28023,Clarke,10166,0,2026-10-01T16:21:55Z,Mississippi,0
1297,28,28,61,28061,Jasper,9893,0,2026-10-01T16:21:55Z,Mississippi,0
1298,28,28,69,28069,Kemper,5860,0,2026-10-01T16:21:53Z,Mississippi,0
1299,28,28,75,28075,Lauderdale,37031,1,2026-10-01T16:21:49Z,Mississippi,0.002700440171747995
1300,28,28,NA,NA,Nas Meridian,6,0,2026-10-01T16:21:49Z,Mississippi,0
1301,28,28,99,28099,Neshoba,11763,1,2026-10-01T16:21:53Z,Mississippi,0.008501232678738417
1302,28,28,101,28101,Newton,11762,0,2026-10-01T16:21:55Z,Mississippi,0
1303,28,28,103,28103,Noxubee,9667,0,2026-10-01T16:21:49Z,Mississippi,0
1304,28,28,105,28105,Oktibbeha,15609,3,2026-10-01T16:21:54Z,Mississippi,0.019219680953296174
1305,28,28,NA,NA,Unknown,10500,9,2026-10-01T16:25:28Z,Mississippi,0.08571428571428572
1306,28,28,153,28153,Wayne,12314,0,2026-10-01T16:21:55Z,Mississippi,0
1307,28,28,159,28159,Winston,7437,0,2026-10-01T16:21:49Z,Mississippi,0
2071,28,28,89,28089,Madison,53769,98,2026-10-01T16:25:28Z,Mississippi,0.18226115419665606
2073,28,28,113,28113,Pike,21899,153,2026-10-01T16:25:28Z,Mississippi,0.698662039362528
2074,28,28,121,28121,Rankin,77006,3,2026-10-01T16:25:28Z,Mississippi,0.0038958003272472276
2079,28,28,151,28151,Washington,14948,0,2026-10-01T16:25:28Z,Mississippi,0
2081,28,28,49,28049,Hinds,107814,324,2026-10-01T16:25:28Z,Mississippi,0.30051755801658414
2086,28,28,149,28149,Warren,21418,49,2026-10-01T16:25:28Z,Mississippi,0.22877953123540948
2088,28,28,133,28133,Sunflower,8480,0,2026-10-01T16:25:28Z,Mississippi,0
2090,28,28,157,28157,Wilkinson,5659,0,2026-10-01T16:25:28Z,Mississippi,0
2091,28,28,85,28085,Lincoln,19375,2,2026-10-01T16:25:28Z,Mississippi,0.01032258064516129
2093,28,28,5,28005,Amite,8978,0,2026-10-01T16:25:28Z,Mississippi,0
2094,28,28,43,28043,Grenada,12200,1,2026-10-01T16:25:28Z,Mississippi,0.00819672131147541
2115,28,28,11,28011,Bolivar,13152,2,2026-10-01T16:25:28Z,Mississippi,0.015206812652068127
2123,28,28,1,28001,Adams,16760,0,2026-10-01T16:25:28Z,Mississippi,0
2131,28,28,33,28033,Desoto,75006,6,2026-10-01T16:25:28Z,Mississippi,0.007999360051195904
2132,28,28,51,28051,Holmes,4742,0,2026-10-01T16:25:28Z,Mississippi,0
2133,28,28,97,28097,Montgomery,3873,0,2026-10-01T16:25:28Z,Mississippi,0
2137,28,28,125,28125,Sharkey,1752,0,2026-10-01T16:25:28Z,Mississippi,0
2142,28,28,137,28137,Tate,14340,3,2026-10-01T16:25:28Z,Mississippi,0.02092050209205021
2143,28,28,37,28037,Franklin,6128,0,2026-10-01T16:25:28Z,Mississippi,0
2144,28,28,21,28021,Claiborne,5094,0,2026-10-01T16:25:28Z,Mississippi,0
2150,28,28,27,28027,Coahoma,5775,130,2026-10-01T16:25:28Z,Mississippi,2.2510822510822512
2157,28,28,83,28083,Leflore,1321,0,2026-10-01T16:25:28Z,Mississippi,0
2162,28,28,143,28143,Tunica,5823,0,2026-10-01T16:25:28Z,Mississippi,0
2164,28,28,127,28127,Simpson,14239,9,2026-10-01T16:25:28Z,Mississippi,0.06320668586277126
2165,28,28,29,28029,Copiah,14963,4,2026-10-01T16:25:28Z,Mississippi,0.02673260709750719
2168,28,28,129,28129,Smith,8948,0,2026-10-01T16:25:28Z,Mississippi,0
2172,28,28,155,28155,Webster,9154,1,2026-10-01T16:25:28Z,Mississippi,0.010924186148131964
2175,28,28,15,28015,Carroll,1211,0,2026-10-01T16:25:28Z,Mississippi,0
2188,28,28,53,28053,Humphreys,2479,0,2026-10-01T16:25:28Z,Mississippi,0
2191,28,28,107,28107,Panola,18648,11,2026-10-01T16:25:28Z,Mississippi,0.05898755898755899
2194,28,28,119,28119,Quitman,3964,0,2026-10-01T16:25:28Z,Mississippi,0
2197,28,28,123,28123,Scott,14466,1,2026-10-01T16:25:28Z,Mississippi,0.006912760956726116
2198,28,28,163,28163,Yazoo,1299,0,2026-10-01T16:25:28Z,Mississippi,0
2199,28,28,135,28135,Tallahatchie,7021,1,2026-10-01T16:25:28Z,Mississippi,0.01424298532972511
2201,28,28,65,28065,Jefferson Davis,6857,0,2026-10-01T16:25:28Z,Mississippi,0
2204,28,28,77,28077,Lawrence,7254,0,2026-10-01T16:25:28Z,Mississippi,0
2205,28,28,79,28079,Leake,11669,0,2026-10-01T16:25:28Z,Mississippi,0
2206,28,28,63,28063,Jefferson,4845,0,2026-10-01T16:25:28Z,Mississippi,0
2210,28,28,19,28019,Choctaw,9764,2,2026-10-01T16:25:28Z,Mississippi,0.020483408439164276
2211,28,28,93,28093,Marshall,13465,22,2026-10-01T16:25:28Z,Mississippi,0.16338655774229485
2212,28,28,161,28161,Yalobusha,8202,0,2026-10-01T16:25:28Z,Mississippi,0
2215,28,28,147,28147,Walthall,8881,0,2026-10-01T16:25:28Z,Mississippi,0
2259,28,28,31,28031,Covington,9733,9,2026-10-01T16:25:28Z,Mississippi,0.09246892016849892
2260,28,28,35,28035,Forrest,40549,0,2026-10-01T16:21:55Z,Mississippi,0
2261,28,28,39,28039,George,15963,0,2026-10-01T16:21:55Z,Mississippi,0
2262,28,28,41,28041,Greene,7844,0,2026-10-01T16:21:55Z,Mississippi,0
2263,28,28,45,28045,Hancock,6606,0,2026-10-01T16:21:48Z,Mississippi,0
2264,28,28,47,28047,Harrison,61190,0,2026-10-01T16:21:55Z,Mississippi,0
2265,28,28,59,28059,Jackson,77589,12,2026-10-01T16:21:55Z,Mississippi,0.015466109886710745
2266,28,28,67,28067,Jones,35974,1,2026-10-01T16:21:55Z,Mississippi,0.002779785400567076
2267,28,28,73,28073,Lamar,34262,0,2026-10-01T16:21:55Z,Mississippi,0
2268,28,28,91,28091,Marion,13864,0,2026-10-01T16:21:54Z,Mississippi,0
2269,28,28,109,28109,Pearl River,11510,0,2026-10-01T16:21:48Z,Mississippi,0
2270,28,28,111,28111,Perry,7310,0,2026-10-01T16:21:55Z,Mississippi,0
2271,28,28,131,28131,Stone,10227,0,2026-10-01T16:21:55Z,Mississippi,0
2477,28,28,25,28025,Clay,9362,0,2026-10-01T15:01:57Z,Mississippi,0
2478,28,28,87,28087,Lowndes,19157,0,2026-10-01T15:01:57Z,Mississippi,0
2493,28,28,95,28095,Monroe,11962,0,2026-09-30T16:32:14Z,Mississippi,0
2495,28,28,9,28009,Benton,1893,4,2026-10-01T16:21:58Z,Mississippi,0.21130480718436345
2496,28,28,71,28071,Lafayette,29823,3,2026-10-01T16:21:50Z,Mississippi,0.010059350165979277
2497,28,28,115,28115,Pontotoc,16716,3,2026-10-01T16:21:57Z,Mississippi,0.017946877243359655
2498,28,28,145,28145,Union,6553,0,2026-10-01T16:21:57Z,Mississippi,0
2502,28,28,13,28013,Calhoun,7693,2,2026-10-01T16:25:28Z,Mississippi,0.02599766021058105
2537,28,28,17,28017,Chickasaw,9300,0,2026-10-01T14:12:04Z,Mississippi,0
3868,28,28,3,28003,Alcorn,24901,0,2026-10-01T16:21:57Z,Mississippi,0
3869,28,28,139,28139,Tippah,13534,0,2026-10-01T16:21:57Z,Mississippi,0
4419,28,28,57,28057,Itawamba,23816,2,2026-10-01T16:21:57Z,Mississippi,0.008397715821296607
5062,28,28,81,28081,Lee,44557,8,2026-10-01T16:21:57Z,Mississippi,0.017954530152389073
5096,28,28,117,28117,Prentiss,20508,0,2026-10-01T14:52:07Z,Mississippi,0
5132,28,28,55,28055,Issaquena,1,0,2026-10-01T16:25:28Z,Mississippi,0
5163,28,28,NA,NA,Pickens,2,0,2026-08-26T22:41:53Z,Mississippi,0
5574,28,28,141,28141,Tishomingo,25291,1,2026-10-01T16:21:57Z,Mississippi,0.0039539757225890634
6430,28,28,NA,NA,Colbert,82,0,2026-08-31T19:11:55Z,Mississippi,0
6975,28,28,NA,NA,Lyon,4033,0,2026-06-16T20:21:59Z,Mississippi,0
45,29,1,31,01031,Coffee,29928,0,2026-10-01T16:27:02Z,Alabama,0
46,29,1,39,01039,Covington,23510,0,2026-10-01T16:26:58Z,Alabama,0
47,29,1,45,01045,Dale,29917,0,2026-10-01T16:27:02Z,Alabama,0
48,29,1,47,01047,Dallas,22357,1,2026-10-01T16:26:55Z,Alabama,0.00447287203113119
49,29,1,61,01061,Geneva,16476,1,2026-10-01T16:27:02Z,Alabama,0.006069434328720563
50,29,1,67,01067,Henry,13867,0,2026-10-01T16:27:02Z,Alabama,0
51,29,1,69,01069,Houston,32838,11,2026-10-01T16:27:00Z,Alabama,0.033497776965710456
52,29,1,NA,NA,Unknown,20969,2,2026-10-01T16:27:00Z,Alabama,0.009537889265105633
898,29,1,121,01121,Talladega,46799,33,2026-10-01T16:26:53Z,Alabama,0.0705143272292143
900,29,1,51,01051,Elmore,48699,0,2026-10-01T16:26:53Z,Alabama,0
923,29,1,87,01087,Macon,9811,0,2026-10-01T16:26:51Z,Alabama,0
924,29,1,81,01081,Lee,98291,8,2026-10-01T16:27:00Z,Alabama,0.008139097170646347
927,29,1,13,01013,Butler,11740,0,2026-10-01T16:26:55Z,Alabama,0
951,29,1,101,01101,Montgomery,114335,3,2026-10-01T16:26:55Z,Alabama,0.002623868456728036
954,29,1,1,01001,Autauga,30373,0,2026-10-01T16:26:55Z,Alabama,0
962,29,1,85,01085,Lowndes,7399,1,2026-10-01T16:26:55Z,Alabama,0.013515339910798757
969,29,1,131,01131,Wilcox,6627,0,2026-10-01T16:26:55Z,Alabama,0
980,29,1,37,01037,Coosa,8040,0,2026-10-01T16:26:53Z,Alabama,0
987,29,1,117,01117,Shelby,113365,39,2026-10-01T16:26:51Z,Alabama,0.03440215233978741
994,29,1,11,01011,Bullock,10512,8,2026-10-01T16:26:52Z,Alabama,0.076103500761035
1003,29,1,21,01021,Chilton,27418,108,2026-10-01T16:26:53Z,Alabama,0.3939018163250419
1010,29,1,109,01109,Pike,10253,0,2026-10-01T16:26:52Z,Alabama,0
1034,29,1,105,01105,Perry,4915,16,2026-10-01T16:26:53Z,Alabama,0.32553407934893186
1046,29,1,63,01063,Greene,2607,0,2026-10-01T16:26:51Z,Alabama,0
1047,29,1,41,01041,Crenshaw,7716,8,2026-10-01T16:26:55Z,Alabama,0.10368066355624676
1143,29,1,123,01123,Tallapoosa,23883,203,2026-10-01T16:26:57Z,Alabama,0.8499769710672863
1165,29,1,99,01099,Monroe,8141,29,2026-10-01T16:26:55Z,Alabama,0.35622159439872253
1167,29,1,15,01015,Calhoun,61648,1,2026-10-01T16:27:03Z,Alabama,0.0016221126395016868
1169,29,1,115,01115,St. Clair,52304,0,2026-10-01T16:26:51Z,Alabama,0
1172,29,1,97,01097,Mobile,216431,6,2026-10-01T16:26:51Z,Alabama,0.0027722461200105344
1176,29,1,35,01035,Conecuh,579,0,2026-10-01T16:26:55Z,Alabama,0
1847,29,1,129,01129,Washington,585,0,2026-10-01T16:26:51Z,Alabama,0
2149,29,1,53,01053,Escambia,11710,0,2026-10-01T16:26:51Z,Alabama,0
2280,29,1,3,01003,Baldwin,130946,5,2026-10-01T16:26:57Z,Alabama,0.003818367876834726
2281,29,1,5,01005,Barbour,17100,0,2026-10-01T16:27:02Z,Alabama,0
2282,29,1,7,01007,Bibb,11913,0,2026-10-01T16:26:53Z,Alabama,0
2283,29,1,9,01009,Blount,32783,0,2026-10-01T16:26:58Z,Alabama,0
2284,29,1,17,01017,Chambers,16561,1,2026-10-01T16:26:57Z,Alabama,0.006038282712396595
2285,29,1,19,01019,Cherokee,20402,4,2026-10-01T16:27:03Z,Alabama,0.019605920988138417
2286,29,1,23,01023,Choctaw,2860,0,2026-10-01T16:26:51Z,Alabama,0
2287,29,1,25,01025,Clarke,7945,0,2026-10-01T16:26:51Z,Alabama,0
2288,29,1,27,01027,Clay,9476,0,2026-10-01T16:26:57Z,Alabama,0
2289,29,1,29,01029,Cleburne,10113,0,2026-10-01T16:26:57Z,Alabama,0
2290,29,1,43,01043,Cullman,46602,3,2026-10-01T16:27:03Z,Alabama,0.006437491953135059
2291,29,1,55,01055,Etowah,57415,2,2026-10-01T16:27:03Z,Alabama,0.003483410258643212
2292,29,1,57,01057,Fayette,10971,1,2026-10-01T16:26:51Z,Alabama,0.009114939385653085
2293,29,1,59,01059,Franklin,5216,0,2026-10-01T16:26:51Z,Alabama,0
2294,29,1,65,01065,Hale,7095,0,2026-10-01T16:26:51Z,Alabama,0
2295,29,1,73,01073,Jefferson,335081,6,2026-10-01T16:26:51Z,Alabama,0.0017906118222161208
2296,29,1,75,01075,Lamar,12213,1,2026-10-01T16:26:51Z,Alabama,0.008187996397281586
2297,29,1,79,01079,Lawrence,8556,3,2026-10-01T16:27:04Z,Alabama,0.03506311360448808
2298,29,1,91,01091,Marengo,9090,1,2026-10-01T16:26:51Z,Alabama,0.011001100110011
2299,29,1,93,01093,Marion,27171,9,2026-10-01T16:26:52Z,Alabama,0.033123550844650546
2300,29,1,95,01095,Marshall,24659,2,2026-10-01T16:27:03Z,Alabama,0.008110628979277343
2301,29,1,107,01107,Pickens,11506,7,2026-10-01T16:26:51Z,Alabama,0.0608378237441335
2302,29,1,111,01111,Randolph,18301,1,2026-10-01T16:26:57Z,Alabama,0.0054641822851210315
2303,29,1,113,01113,Russell,32032,1,2026-10-01T16:26:57Z,Alabama,0.003121878121878122
2304,29,1,119,01119,Sumter,6658,0,2026-10-01T16:26:51Z,Alabama,0
2305,29,1,125,01125,Tuscaloosa,114066,1,2026-10-01T16:26:51Z,Alabama,8.766854277348202e-4
2306,29,1,127,01127,Walker,39607,1,2026-10-01T16:26:51Z,Alabama,0.002524806221122529
2307,29,1,133,01133,Winston,23056,0,2026-10-01T16:26:51Z,Alabama,0
2308,29,1,77,01077,Lauderdale,47088,6,2026-10-01T16:26:55Z,Alabama,0.012742099898063202
2447,29,1,103,01103,Morgan,39324,0,2026-10-01T16:27:04Z,Alabama,0
2485,29,1,89,01089,Madison,195633,12,2026-10-01T16:27:01Z,Alabama,0.006133934458910306
3713,29,1,83,01083,Limestone,686,0,2026-10-01T16:25:24Z,Alabama,0
3832,29,1,71,01071,Jackson,13229,0,2026-09-30T13:17:09Z,Alabama,0
5946,29,1,49,01049,DeKalb,21806,25,2026-10-01T16:27:03Z,Alabama,0.11464734476749519
6139,29,1,33,01033,Colbert,18970,1,2026-10-01T16:27:01Z,Alabama,0.005271481286241434
53,30,47,73,47073,Hawkins,33281,1,2026-10-01T16:25:16Z,Tennessee,0.003004717406327935
54,30,47,163,47163,Sullivan,50350,47,2026-10-01T16:25:16Z,Tennessee,0.09334657398212512
55,30,47,179,47179,Washington,77558,4,2026-10-01T16:25:16Z,Tennessee,0.005157430568090977
1274,30,47,21,47021,Cheatham,21327,13,2026-10-01T16:21:44Z,Tennessee,0.06095559619261968
1275,30,47,57,47057,Grainger,23080,2,2026-10-01T16:25:35Z,Tennessee,0.008665511265164644
1276,30,47,63,47063,Hamblen,54250,0,2026-10-01T16:21:39Z,Tennessee,0
1277,30,47,89,47089,Jefferson,48800,1,2026-10-01T16:21:43Z,Tennessee,0.0020491803278688526
1278,30,47,125,47125,Montgomery,107076,0,2026-10-01T16:21:40Z,Tennessee,0
1279,30,47,147,47147,Robertson,29377,0,2026-10-01T16:21:32Z,Tennessee,0
1280,30,47,155,47155,Sevier,68447,72,2026-10-01T16:21:43Z,Tennessee,0.10519087761333586
1281,30,47,161,47161,Stewart,8141,0,2026-10-01T16:21:32Z,Tennessee,0
1282,30,47,165,47165,Sumner,76406,0,2026-10-01T16:21:32Z,Tennessee,0
1283,30,47,NA,NA,Unknown,61124,0,2026-10-01T16:21:35Z,Tennessee,0
1310,30,47,123,47123,Monroe,20739,0,2026-10-01T16:25:33Z,Tennessee,0
1314,30,47,9,47009,Blount,82716,2,2026-10-01T16:21:37Z,Tennessee,0.0024179118912906815
1778,30,47,105,47105,Loudon,24418,2,2026-10-01T16:25:33Z,Tennessee,0.008190679007289703
2238,30,47,129,47129,Morgan,8856,0,2026-10-01T16:25:24Z,Tennessee,0
2353,30,47,139,47139,Polk,10747,0,2026-10-01T16:25:22Z,Tennessee,0
2437,30,47,11,47011,Bradley,55502,0,2026-10-01T16:21:43Z,Tennessee,0
2448,30,47,37,47037,Davidson,417313,3,2026-10-01T16:21:44Z,Tennessee,7.18884865796177e-4
2449,30,47,187,47187,Williamson,117249,3,2026-10-01T16:21:44Z,Tennessee,0.0025586572166926796
2450,30,47,93,47093,Knox,170250,55,2026-10-01T16:21:43Z,Tennessee,0.032305433186490456
2451,30,47,43,47043,Dickson,31040,18,2026-10-01T16:21:44Z,Tennessee,0.05798969072164949
2452,30,47,81,47081,Hickman,4764,0,2026-10-01T16:21:44Z,Tennessee,0
2453,30,47,119,47119,Maury,48726,200,2026-10-01T16:21:44Z,Tennessee,0.4104584821245331
2454,30,47,149,47149,Rutherford,163188,8,2026-10-01T16:21:44Z,Tennessee,0.004902321249111454
2455,30,47,189,47189,Wilson,81998,1,2026-10-01T16:21:44Z,Tennessee,0.0012195419400473182
2456,30,47,47,47047,Fayette,26527,0,2026-10-01T16:21:33Z,Tennessee,0
2457,30,47,69,47069,Hardeman,7904,1,2026-10-01T16:21:57Z,Tennessee,0.012651821862348178
2458,30,47,75,47075,Haywood,9627,0,2026-10-01T16:25:24Z,Tennessee,0
2459,30,47,117,47117,Marshall,19494,2,2026-10-01T16:25:24Z,Tennessee,0.010259567046270648
2460,30,47,15,47015,Cannon,7729,0,2026-10-01T16:21:44Z,Tennessee,0
2461,30,47,7,47007,Bledsoe,7331,1,2026-10-01T16:21:43Z,Tennessee,0.013640703860319191
2462,30,47,31,47031,Coffee,23204,2,2026-10-01T16:21:44Z,Tennessee,0.008619203585588693
2463,30,47,35,47035,Cumberland,39113,0,2026-10-01T16:21:43Z,Tennessee,0
2464,30,47,61,47061,Grundy,8720,4,2026-10-01T16:21:33Z,Tennessee,0.045871559633027525
2465,30,47,65,47065,Hamilton,177980,10,2026-10-01T16:21:47Z,Tennessee,0.0056186088324530845
2466,30,47,115,47115,Marion,18495,2,2026-10-01T16:21:33Z,Tennessee,0.010813733441470668
2467,30,47,143,47143,Rhea,9336,0,2026-10-01T16:21:43Z,Tennessee,0
2468,30,47,153,47153,Sequatchie,10389,0,2026-10-01T16:21:33Z,Tennessee,0
2469,30,47,175,47175,Van Buren,824,0,2026-10-01T16:21:33Z,Tennessee,0
2470,30,47,113,47113,Madison,54315,11,2026-10-01T16:25:24Z,Tennessee,0.0202522323483384
2471,30,47,173,47173,Union,10747,13,2026-10-01T16:21:34Z,Tennessee,0.12096398995068393
2472,30,47,167,47167,Tipton,27904,2,2026-10-01T16:21:38Z,Tennessee,0.007167431192660551
2483,30,47,1,47001,Anderson,25131,0,2026-10-01T16:25:24Z,Tennessee,0
2484,30,47,59,47059,Greene,41164,0,2026-10-01T16:21:44Z,Tennessee,0
2486,30,47,13,47013,Campbell,20247,0,2026-10-01T16:25:33Z,Tennessee,0
2487,30,47,25,47025,Claiborne,21462,0,2026-10-01T16:25:19Z,Tennessee,0
2488,30,47,23,47023,Chester,16489,2,2026-10-01T16:21:38Z,Tennessee,0.012129298320092184
2491,30,47,145,47145,Roane,17421,0,2026-10-01T16:25:24Z,Tennessee,0
2494,30,47,77,47077,Henderson,16827,1,2026-10-01T16:21:38Z,Tennessee,0.005942829975634396
2504,30,47,109,47109,Mcnairy,558,0,2026-09-08T07:41:41Z,Tennessee,0
2506,30,47,157,47157,Shelby,427754,246,2026-10-01T16:21:46Z,Tennessee,0.057509690149010875
2597,30,47,111,47111,Macon,16099,4,2026-10-01T16:25:24Z,Tennessee,0.024846263743089632
2599,30,47,27,47027,Clay,11580,0,2026-09-29T19:16:04Z,Tennessee,0
2695,30,47,131,47131,Obion,9975,0,2026-10-01T16:25:24Z,Tennessee,0
2696,30,47,53,47053,Gibson,12019,0,2026-10-01T16:25:24Z,Tennessee,0
2697,30,47,33,47033,Crockett,8349,0,2026-10-01T16:25:24Z,Tennessee,0
2698,30,47,95,47095,Lake,3087,0,2026-10-01T16:25:24Z,Tennessee,0
2699,30,47,29,47029,Cocke,24360,1,2026-10-01T16:26:49Z,Tennessee,0.004105090311986864
2706,30,47,127,47127,Moore,6275,0,2026-10-01T16:25:24Z,Tennessee,0
2882,30,47,51,47051,Franklin,20697,4,2026-10-01T16:25:24Z,Tennessee,0.019326472435618688
2890,30,47,169,47169,Trousdale,9834,0,2026-10-01T16:21:44Z,Tennessee,0
2894,30,47,3,47003,Bedford,76098,1,2026-10-01T16:21:45Z,Tennessee,0.0013140949827853557
3079,30,47,97,47097,Lauderdale,34099,0,2026-10-01T16:21:35Z,Tennessee,0
3086,30,47,107,47107,McMinn,9130,223,2026-10-01T16:21:43Z,Tennessee,2.44249726177437
3106,30,47,45,47045,Dyer,18361,0,2026-10-01T16:25:24Z,Tennessee,0
3386,30,47,183,47183,Weakley,22,0,2026-10-01T16:25:24Z,Tennessee,0
3393,30,47,17,47017,Carroll,264,0,2026-10-01T16:25:33Z,Tennessee,0
3406,30,47,49,47049,Fentress,12945,0,2026-10-01T16:21:43Z,Tennessee,0
3407,30,47,121,47121,Meigs,7967,0,2026-10-01T16:21:43Z,Tennessee,0
3408,30,47,133,47133,Overton,13743,0,2026-10-01T16:21:43Z,Tennessee,0
3409,30,47,137,47137,Pickett,4459,0,2026-10-01T16:21:43Z,Tennessee,0
3410,30,47,141,47141,Putnam,17794,0,2026-10-01T16:21:43Z,Tennessee,0
3411,30,47,151,47151,Scott,12792,0,2026-10-01T16:21:43Z,Tennessee,0
3412,30,47,185,47185,White,2288,0,2026-10-01T16:21:43Z,Tennessee,0
3413,30,47,177,47177,Warren,57,0,2026-10-01T16:21:44Z,Tennessee,0
3414,30,47,41,47041,Dekalb,4527,0,2026-10-01T16:21:44Z,Tennessee,0
3415,30,47,103,47103,Lincoln,18825,12,2026-10-01T16:25:24Z,Tennessee,0.06374501992031872
3416,30,47,159,47159,Smith,15556,0,2026-10-01T16:21:44Z,Tennessee,0
3859,30,47,87,47087,Jackson,10443,111,2026-10-01T16:21:41Z,Tennessee,1.0629129560471129
4200,30,47,171,47171,Unicoi,9638,0,2026-10-01T16:26:49Z,Tennessee,0
4844,30,47,67,47067,Hancock,4900,2,2026-10-01T16:25:35Z,Tennessee,0.04081632653061225
5101,30,47,55,47055,Giles,33673,2,2026-10-01T16:25:24Z,Tennessee,0.0059394767320999015
5102,30,47,101,47101,Lewis,210,0,2026-10-01T16:21:44Z,Tennessee,0
5103,30,47,181,47181,Wayne,1132,0,2026-10-01T16:21:44Z,Tennessee,0
5104,30,47,79,47079,Henry,22079,0,2026-10-01T16:21:20Z,Tennessee,0
5106,30,47,99,47099,Lawrence,22152,2,2026-10-01T16:21:44Z,Tennessee,0.00902853015529072
5945,30,47,85,47085,Humphreys,19,0,2026-10-01T16:21:40Z,Tennessee,0
5947,30,47,83,47083,Houston,215,0,2026-10-01T16:21:40Z,Tennessee,0
6440,30,47,71,47071,Hardin,6201,0,2026-09-28T13:42:01Z,Tennessee,0
6441,30,47,39,47039,Decatur,8711,58,2026-10-01T16:25:33Z,Tennessee,0.6658248191941224
6446,30,47,135,47135,Perry,1356,59,2026-10-01T16:21:45Z,Tennessee,4.351032448377581
6504,30,47,5,47005,Benton,10084,1,2026-10-01T16:25:33Z,Tennessee,0.009916699722332408
6593,30,47,19,47019,Carter,26064,87,2026-10-01T16:21:42Z,Tennessee,0.3337937384898711
6600,30,47,91,47091,Johnson,1,0,2026-10-01T16:25:16Z,Tennessee,0
6964,30,47,NA,NA,Allen,1,0,2026-02-03T14:34:42Z,Tennessee,0
56,31,21,15,21015,Boone,66310,0,2026-10-01T16:25:12Z,Kentucky,0
57,31,21,37,21037,Campbell,49870,34,2026-10-01T16:25:19Z,Kentucky,0.06817726087828353
58,31,21,81,21081,Grant,11804,0,2026-10-01T16:25:19Z,Kentucky,0
59,31,21,111,21111,Jefferson,415566,129,2026-10-01T16:25:19Z,Kentucky,0.03104200054864931
60,31,21,117,21117,Kenton,82424,0,2026-10-01T16:25:12Z,Kentucky,0
61,31,21,191,21191,Pendleton,7222,0,2026-10-01T16:25:19Z,Kentucky,0
62,31,21,229,21229,Washington,7606,0,2026-10-01T16:25:19Z,Kentucky,0
896,31,21,107,21107,Hopkins,25574,1,2026-10-01T16:25:33Z,Kentucky,0.003910221318526629
897,31,21,149,21149,Mclean,5607,0,2026-10-01T16:25:19Z,Kentucky,0
902,31,21,167,21167,Mercer,13902,1,2026-10-01T16:25:19Z,Kentucky,0.007193209610128039
910,31,21,67,21067,Fayette,166484,6,2026-10-01T16:25:19Z,Kentucky,0.0036039499291223177
911,31,21,13,21013,Bell,13942,5,2026-10-01T16:25:19Z,Kentucky,0.03586286042174724
912,31,21,211,21211,Shelby,9696,0,2026-10-01T16:25:19Z,Kentucky,0
916,31,21,23,21023,Bracken,5466,0,2026-10-01T16:25:19Z,Kentucky,0
919,31,21,145,21145,Mccracken,17680,3,2026-10-01T16:25:19Z,Kentucky,0.016968325791855202
920,31,21,173,21173,Montgomery,14977,0,2026-10-01T16:25:19Z,Kentucky,0
928,31,21,209,21209,Scott,29553,14,2026-10-01T16:25:19Z,Kentucky,0.04737251717253747
932,31,21,49,21049,Clark,19490,3,2026-10-01T16:25:19Z,Kentucky,0.01539250897896357
933,31,21,185,21185,Oldham,22629,5,2026-10-01T16:25:19Z,Kentucky,0.022095541119802026
936,31,21,199,21199,Pulaski,41621,5,2026-10-01T16:25:19Z,Kentucky,0.012013166430407727
943,31,21,239,21239,Woodford,15233,0,2026-10-01T16:25:19Z,Kentucky,0
944,31,21,113,21113,Jessamine,27254,1,2026-10-01T16:25:33Z,Kentucky,0.003669186174506495
945,31,21,161,21161,Mason,10259,0,2026-10-01T16:25:19Z,Kentucky,0
946,31,21,69,21069,Fleming,9074,0,2026-10-01T16:25:19Z,Kentucky,0
947,31,21,95,21095,Harlan,14578,0,2026-10-01T16:25:19Z,Kentucky,0
950,31,21,217,21217,Taylor,14747,0,2026-10-01T16:25:19Z,Kentucky,0
955,31,21,65,21065,Estill,8188,17,2026-10-01T16:25:19Z,Kentucky,0.2076209086468002
957,31,21,51,21051,Clay,9969,0,2026-10-01T16:25:19Z,Kentucky,0
960,31,21,137,21137,Lincoln,13306,0,2026-10-01T16:25:19Z,Kentucky,0
961,31,21,177,21177,Muhlenberg,17396,2,2026-10-01T16:25:19Z,Kentucky,0.011496895838123708
963,31,21,225,21225,Union,7989,1,2026-10-01T16:25:19Z,Kentucky,0.012517211165352359
965,31,21,33,21033,Caldwell,3696,0,2026-10-01T16:25:19Z,Kentucky,0
972,31,21,93,21093,Hardin,34277,0,2026-10-01T16:25:19Z,Kentucky,0
976,31,21,21,21021,Boyle,15935,0,2026-10-01T16:25:19Z,Kentucky,0
977,31,21,5,21005,Anderson,12878,1,2026-10-01T16:25:19Z,Kentucky,0.007765180928715639
978,31,21,87,21087,Green,7304,0,2026-10-01T16:25:19Z,Kentucky,0
982,31,21,1,21001,Adair,12228,5,2026-10-01T16:25:19Z,Kentucky,0.04088976120379457
983,31,21,125,21125,Laurel,33726,1,2026-10-01T16:25:19Z,Kentucky,0.002965071458222143
984,31,21,11,21011,Bath,7059,1,2026-10-01T16:25:19Z,Kentucky,0.014166312508853945
985,31,21,235,21235,Whitley,16467,1,2026-10-01T16:25:33Z,Kentucky,0.006072751563733527
986,31,21,179,21179,Nelson,21115,1,2026-10-01T16:25:19Z,Kentucky,0.004735969689793985
989,31,21,97,21097,Harrison,10562,1,2026-10-01T16:25:19Z,Kentucky,0.00946790380609733
998,31,21,73,21073,Franklin,7046,0,2026-10-01T16:25:19Z,Kentucky,0
1002,31,21,205,21205,Rowan,13198,0,2026-10-01T16:25:19Z,Kentucky,0
1007,31,21,233,21233,Webster,5837,1,2026-10-01T16:25:19Z,Kentucky,0.017132088401576154
1014,31,21,55,21055,Crittenden,5430,0,2026-10-01T16:25:19Z,Kentucky,0
1022,31,21,181,21181,Nicholas,4408,0,2026-10-01T16:25:19Z,Kentucky,0
1023,31,21,121,21121,Knox,16461,0,2026-10-01T16:25:33Z,Kentucky,0
1025,31,21,123,21123,Larue,8512,0,2026-10-01T16:25:19Z,Kentucky,0
1027,31,21,203,21203,Rockcastle,9596,0,2026-10-01T16:25:19Z,Kentucky,0
1029,31,21,151,21151,Madison,46161,13,2026-10-01T16:25:19Z,Kentucky,0.028162301509932625
1033,31,21,79,21079,Garrard,9751,0,2026-10-01T16:25:19Z,Kentucky,0
1037,31,21,143,21143,Lyon,6507,0,2026-10-01T16:25:19Z,Kentucky,0
1051,31,21,47,21047,Christian,36470,2,2026-10-01T16:25:19Z,Kentucky,0.005483959418700301
1055,31,21,105,21105,Hickman,2883,0,2026-10-01T16:25:24Z,Kentucky,0
1062,31,21,101,21101,Henderson,23653,0,2026-10-01T16:25:33Z,Kentucky,0
1063,31,21,215,21215,Spencer,7597,0,2026-10-01T16:25:19Z,Kentucky,0
1064,31,21,187,21187,Owen,7890,0,2026-10-01T16:25:19Z,Kentucky,0
1071,31,21,29,21029,Bullitt,40563,0,2026-10-01T16:25:19Z,Kentucky,0
1073,31,21,17,21017,Bourbon,9749,1,2026-10-01T16:25:19Z,Kentucky,0.010257462303826032
1083,31,21,163,21163,Meade,15733,0,2026-10-01T16:25:19Z,Kentucky,0
1092,31,21,183,21183,Ohio,13033,0,2026-10-01T16:25:19Z,Kentucky,0
1100,31,21,103,21103,Henry,4498,0,2026-10-01T16:25:19Z,Kentucky,0
1101,31,21,223,21223,Trimble,3608,1,2026-10-01T16:25:19Z,Kentucky,0.02771618625277162
1102,31,21,41,21041,Carroll,6012,0,2026-10-01T16:25:19Z,Kentucky,0
1108,31,21,129,21129,Lee,4313,0,2026-10-01T16:25:19Z,Kentucky,0
1110,31,21,85,21085,Grayson,18196,1,2026-10-01T16:25:19Z,Kentucky,0.005495713343591998
1122,31,21,99,21099,Hart,11141,0,2026-10-01T16:25:19Z,Kentucky,0
1124,31,21,7,21007,Ballard,5254,6,2026-10-01T16:25:19Z,Kentucky,0.11419870574800152
1142,31,21,9,21009,Barren,20186,10,2026-10-01T16:25:19Z,Kentucky,0.049539284652729616
1151,31,21,147,21147,Mccreary,8386,0,2026-10-01T16:25:19Z,Kentucky,0
1152,31,21,45,21045,Casey,9770,6,2026-10-01T16:25:19Z,Kentucky,0.061412487205731836
1163,31,21,155,21155,Marion,10817,0,2026-10-01T16:25:19Z,Kentucky,0
1195,31,21,207,21207,Russell,14278,0,2026-10-01T16:25:19Z,Kentucky,0
1198,31,21,201,21201,Robertson,1617,2,2026-10-01T16:25:19Z,Kentucky,0.12368583797155226
1203,31,21,77,21077,Gallatin,5143,0,2026-10-01T16:25:19Z,Kentucky,0
1239,31,21,19,21019,Boyd,23802,1,2026-10-01T16:21:16Z,Kentucky,0.004201327619527771
1240,31,21,25,21025,Breathitt,7007,2,2026-10-01T16:21:25Z,Kentucky,0.028542885685742828
1241,31,21,43,21043,Carter,13029,1,2026-10-01T16:21:21Z,Kentucky,0.0076751861232634885
1242,31,21,63,21063,Elliott,3711,5,2026-10-01T16:21:25Z,Kentucky,0.13473457289140395
1243,31,21,71,21071,Floyd,19560,95,2026-10-01T16:21:18Z,Kentucky,0.48568507157464214
1244,31,21,89,21089,Greenup,18865,5,2026-10-01T16:21:21Z,Kentucky,0.026504108136761195
1245,31,21,115,21115,Johnson,12179,2,2026-10-01T16:21:25Z,Kentucky,0.016421709499958945
1246,31,21,119,21119,Knott,7649,1,2026-10-01T16:21:18Z,Kentucky,0.013073604392731076
1247,31,21,127,21127,Lawrence,8700,41,2026-10-01T16:21:21Z,Kentucky,0.471264367816092
1248,31,21,131,21131,Leslie,5279,32,2026-10-01T16:21:24Z,Kentucky,0.6061754120098504
1249,31,21,133,21133,Letcher,11491,25,2026-10-01T16:21:24Z,Kentucky,0.2175615699242886
1250,31,21,135,21135,Lewis,5777,3,2026-10-01T16:21:21Z,Kentucky,0.05193006750908776
1251,31,21,153,21153,Magoffin,7056,104,2026-10-01T16:21:25Z,Kentucky,1.473922902494331
1252,31,21,159,21159,Martin,5101,0,2026-10-01T16:21:18Z,Kentucky,0
1253,31,21,175,21175,Morgan,7243,0,2026-10-01T16:21:25Z,Kentucky,0
1254,31,21,189,21189,Owsley,2643,0,2026-10-01T16:21:19Z,Kentucky,0
1255,31,21,193,21193,Perry,14101,0,2026-10-01T16:21:16Z,Kentucky,0
1256,31,21,195,21195,Pike,31160,44,2026-10-01T16:21:16Z,Kentucky,0.14120667522464697
1261,31,21,157,21157,Marshall,17689,0,2026-10-01T16:21:20Z,Kentucky,0
1262,31,21,227,21227,Warren,66778,15,2026-10-01T16:21:21Z,Kentucky,0.022462487645631794
1263,31,21,35,21035,Calloway,22006,40,2026-10-01T16:25:35Z,Kentucky,0.18176860856130148
1264,31,21,53,21053,Clinton,6824,1,2026-10-01T16:21:16Z,Kentucky,0.014654161781946071
1265,31,21,57,21057,Cumberland,9291,0,2026-10-01T16:21:24Z,Kentucky,0
1266,31,21,59,21059,Daviess,32369,0,2026-10-01T16:25:19Z,Kentucky,0
1267,31,21,91,21091,Hancock,4939,0,2026-10-01T16:21:22Z,Kentucky,0
1268,31,21,139,21139,Livingston,6448,1,2026-10-01T16:25:19Z,Kentucky,0.015508684863523574
1270,31,21,231,21231,Wayne,13238,0,2026-10-01T16:21:16Z,Kentucky,0
1271,31,21,83,21083,Graves,20195,0,2026-10-01T16:25:24Z,Kentucky,0
1272,31,21,31,21031,Butler,6898,0,2026-10-01T16:21:23Z,Kentucky,0
1284,31,21,213,21213,Simpson,5459,0,2026-10-01T16:21:23Z,Kentucky,0
1285,31,21,61,21061,Edmonson,8338,5,2026-10-01T16:25:19Z,Kentucky,0.05996641880546894
1287,31,21,109,21109,Jackson,7813,3,2026-10-01T16:21:20Z,Kentucky,0.038397542557276336
1526,31,21,141,21141,Logan,11337,5,2026-10-01T16:21:23Z,Kentucky,0.04410337831877922
1649,31,21,169,21169,Metcalfe,8960,0,2026-10-01T16:21:24Z,Kentucky,0
1834,31,21,39,21039,Carlisle,2602,0,2026-10-01T16:25:24Z,Kentucky,0
1949,31,21,NA,NA,Unknown,8526,0,2026-09-26T13:21:43Z,Kentucky,0
2214,31,21,3,21003,Allen,15353,0,2026-10-01T16:21:18Z,Kentucky,0
2388,31,21,27,21027,Breckinridge,15156,0,2026-10-01T16:21:24Z,Kentucky,0
2436,31,21,221,21221,Trigg,9843,0,2026-10-01T16:21:23Z,Kentucky,0
2444,31,21,219,21219,Todd,7145,2,2026-10-01T16:21:23Z,Kentucky,0.02799160251924423
2694,31,21,171,21171,Monroe,11412,0,2026-10-01T16:21:18Z,Kentucky,0
2700,31,21,197,21197,Powell,7032,0,2026-10-01T16:21:25Z,Kentucky,0
2701,31,21,237,21237,Wolfe,4776,0,2026-10-01T16:21:25Z,Kentucky,0
2897,31,21,75,21075,Fulton,3819,0,2026-10-01T16:25:24Z,Kentucky,0
3405,31,21,165,21165,Menifee,4591,0,2026-10-01T16:21:25Z,Kentucky,0
4848,31,21,NA,NA,General,0,0,2022-09-23T21:44:48Z,Kentucky,NA
6805,31,21,NA,NA,Sumner,1,0,2025-10-27T14:15:10Z,Kentucky,0
63,32,18,5,18005,Bartholomew,42233,0,2026-10-01T16:27:22Z,Indiana,0
64,32,18,7,18007,Benton,5951,0,2026-10-01T16:27:16Z,Indiana,0
65,32,18,11,18011,Boone,39584,0,2026-10-01T16:27:21Z,Indiana,0
66,32,18,13,18013,Brown,9750,0,2026-10-01T16:27:22Z,Indiana,0
67,32,18,15,18015,Carroll,11824,0,2026-10-01T16:27:14Z,Indiana,0
68,32,18,17,18017,Cass,5788,0,2026-10-01T16:27:22Z,Indiana,0
69,32,18,19,18019,Clark,70922,0,2026-10-01T16:25:12Z,Indiana,0
70,32,18,21,18021,Clay,18195,0,2026-10-01T16:27:20Z,Indiana,0
71,32,18,23,18023,Clinton,7570,1,2026-10-01T16:27:21Z,Indiana,0.01321003963011889
72,32,18,25,18025,Crawford,8275,4,2026-10-01T16:27:15Z,Indiana,0.04833836858006042
73,32,18,27,18027,Daviess,5943,0,2026-10-01T16:27:20Z,Indiana,0
74,32,18,29,18029,Dearborn,20682,0,2026-10-01T16:27:15Z,Indiana,0
75,32,18,31,18031,Decatur,14405,0,2026-10-01T16:27:22Z,Indiana,0
76,32,18,35,18035,Delaware,58511,13,2026-10-01T16:27:21Z,Indiana,0.022218044470270547
77,32,18,37,18037,Dubois,12006,1,2026-10-01T16:27:16Z,Indiana,0.008329168748958855
78,32,18,41,18041,Fayette,16393,1,2026-10-01T16:27:15Z,Indiana,0.006100164704447021
79,32,18,43,18043,Floyd,47784,1,2026-10-01T16:27:17Z,Indiana,0.0020927507115352417
80,32,18,45,18045,Fountain,11152,0,2026-10-01T16:27:20Z,Indiana,0
81,32,18,47,18047,Franklin,14212,0,2026-10-01T16:27:22Z,Indiana,0
82,32,18,49,18049,Fulton,15339,0,2026-10-01T16:27:20Z,Indiana,0
83,32,18,51,18051,Gibson,19263,3,2026-10-01T16:27:19Z,Indiana,0.01557389814670612
84,32,18,53,18053,Grant,29915,0,2026-10-01T16:27:17Z,Indiana,0
85,32,18,55,18055,Greene,14310,1,2026-10-01T16:27:20Z,Indiana,0.006988120195667365
86,32,18,57,18057,Hamilton,184073,6,2026-10-01T16:27:21Z,Indiana,0.003259576363725261
87,32,18,59,18059,Hancock,36049,1,2026-10-01T16:27:14Z,Indiana,0.002774002052761519
88,32,18,61,18061,Harrison,29083,0,2026-10-01T16:25:12Z,Indiana,0
89,32,18,63,18063,Hendricks,77540,0,2026-10-01T16:27:21Z,Indiana,0
90,32,18,65,18065,Henry,29041,7,2026-10-01T16:27:16Z,Indiana,0.0241038531731001
91,32,18,67,18067,Howard,46995,14,2026-10-01T16:27:16Z,Indiana,0.02979040323438664
92,32,18,69,18069,Huntington,18864,0,2026-10-01T16:27:17Z,Indiana,0
93,32,18,71,18071,Jackson,30198,0,2026-10-01T16:25:12Z,Indiana,0
94,32,18,77,18077,Jefferson,19984,0,2026-10-01T16:27:15Z,Indiana,0
95,32,18,79,18079,Jennings,14612,0,2026-10-01T16:27:22Z,Indiana,0
96,32,18,81,18081,Johnson,66424,6,2026-10-01T16:27:22Z,Indiana,0.009032879682042635
97,32,18,83,18083,Knox,20889,7,2026-10-01T16:27:20Z,Indiana,0.03351046005074441
98,32,18,85,18085,Kosciusko,54167,2,2026-10-01T16:27:20Z,Indiana,0.0036922849705540274
99,32,18,93,18093,Lawrence,32709,10,2026-10-01T16:27:20Z,Indiana,0.030572625271332053
100,32,18,95,18095,Madison,64754,0,2026-10-01T16:27:16Z,Indiana,0
101,32,18,97,18097,Marion,499464,129,2026-10-01T16:27:16Z,Indiana,0.025827687280764983
102,32,18,101,18101,Martin,7262,0,2026-10-01T16:27:20Z,Indiana,0
103,32,18,103,18103,Miami,7854,0,2026-10-01T16:27:22Z,Indiana,0
104,32,18,105,18105,Monroe,70800,2,2026-10-01T16:27:20Z,Indiana,0.002824858757062147
105,32,18,107,18107,Montgomery,11442,0,2026-10-01T16:27:21Z,Indiana,0
106,32,18,109,18109,Morgan,26673,3,2026-10-01T16:27:22Z,Indiana,0.011247328759419637
107,32,18,117,18117,Orange,14834,0,2026-10-01T16:27:16Z,Indiana,0
108,32,18,119,18119,Owen,5667,0,2026-10-01T16:27:20Z,Indiana,0
109,32,18,121,18121,Parke,7564,0,2026-10-01T16:27:20Z,Indiana,0
110,32,18,125,18125,Pike,7367,0,2026-10-01T16:27:19Z,Indiana,0
111,32,18,129,18129,Posey,14989,3,2026-10-01T16:27:19Z,Indiana,0.020014677430115417
112,32,18,133,18133,Putnam,18508,1,2026-10-01T16:27:21Z,Indiana,0.005403068943159715
113,32,18,135,18135,Randolph,14162,0,2026-10-01T16:27:21Z,Indiana,0
114,32,18,137,18137,Ripley,16123,1,2026-10-01T16:27:22Z,Indiana,0.006202319667555666
115,32,18,139,18139,Rush,10815,2,2026-10-01T16:27:22Z,Indiana,0.01849283402681461
116,32,18,143,18143,Scott,11049,0,2026-10-01T16:25:12Z,Indiana,0
117,32,18,145,18145,Shelby,28744,1,2026-10-01T16:27:22Z,Indiana,0.0034789869190091846
118,32,18,153,18153,Sullivan,10724,1,2026-10-01T16:27:20Z,Indiana,0.009324878776575904
119,32,18,155,18155,Switzerland,5767,0,2026-10-01T16:27:15Z,Indiana,0
120,32,18,157,18157,Tippecanoe,87786,37,2026-10-01T16:27:16Z,Indiana,0.04214795069828902
121,32,18,159,18159,Tipton,4094,0,2026-10-01T16:27:11Z,Indiana,0
122,32,18,161,18161,Union,4202,0,2026-10-01T16:27:15Z,Indiana,0
123,32,18,165,18165,Vermillion,9159,1,2026-10-01T16:27:16Z,Indiana,0.010918222513374824
124,32,18,167,18167,Vigo,53505,1,2026-10-01T16:27:20Z,Indiana,0.0018689842070834502
125,32,18,169,18169,Wabash,17494,0,2026-10-01T16:27:22Z,Indiana,0
126,32,18,171,18171,Warren,4045,2,2026-10-01T16:27:16Z,Indiana,0.04944375772558715
127,32,18,173,18173,Warrick,33508,7,2026-10-01T16:27:15Z,Indiana,0.020890533603915483
128,32,18,175,18175,Washington,25003,0,2026-10-01T16:25:12Z,Indiana,0
129,32,18,177,18177,Wayne,29622,2,2026-10-01T16:27:15Z,Indiana,0.006751738572682465
130,32,18,179,18179,Wells,8526,0,2026-10-01T16:27:21Z,Indiana,0
131,32,18,183,18183,Whitley,19872,0,2026-10-01T16:27:17Z,Indiana,0
1913,32,18,1,18001,Adams,14895,0,2026-10-01T16:27:21Z,Indiana,0
1914,32,18,3,18003,Allen,181117,78,2026-10-01T16:27:19Z,Indiana,0.0430660843543124
1915,32,18,9,18009,Blackford,6566,1,2026-10-01T16:27:21Z,Indiana,0.015229972586049346
1916,32,18,33,18033,Dekalb,15410,0,2026-10-01T16:27:21Z,Indiana,0
1917,32,18,39,18039,Elkhart,82380,0,2026-10-01T16:27:20Z,Indiana,0
1918,32,18,75,18075,Jay,10219,0,2026-10-01T16:27:21Z,Indiana,0
1919,32,18,91,18091,LaPorte,102727,35,2026-10-01T16:27:16Z,Indiana,0.034070886913859066
1920,32,18,99,18099,Marshall,26022,3,2026-10-01T16:27:20Z,Indiana,0.011528706479133042
1921,32,18,113,18113,Noble,31741,0,2026-10-01T16:27:20Z,Indiana,0
1922,32,18,141,18141,St. Joseph,120621,2,2026-10-01T16:27:20Z,Indiana,0.0016580860712479585
1923,32,18,151,18151,Steuben,32586,11,2026-10-01T16:27:21Z,Indiana,0.033756828085680965
2595,32,18,89,18089,Lake,205249,20,2026-10-01T16:27:16Z,Indiana,0.009744261847804374
2598,32,18,127,18127,Porter,124861,15,2026-10-01T16:27:21Z,Indiana,0.012013358855046813
2600,32,18,181,18181,White,17301,0,2026-10-01T16:27:21Z,Indiana,0
2601,32,18,73,18073,Jasper,16942,0,2026-10-01T16:27:21Z,Indiana,0
2603,32,18,149,18149,Starke,13134,15,2026-10-01T16:27:21Z,Indiana,0.11420740063956143
2607,32,18,131,18131,Pulaski,6730,0,2026-10-01T16:27:21Z,Indiana,0
2608,32,18,87,18087,Lagrange,17359,0,2026-10-01T16:27:21Z,Indiana,0
2609,32,18,111,18111,Newton,6355,0,2026-10-01T16:27:21Z,Indiana,0
2615,32,18,NA,NA,Unknown,50360,0,2026-10-01T16:27:21Z,Indiana,0
2617,32,18,163,18163,Vanderburgh,99438,46,2026-10-01T16:27:13Z,Indiana,0.046259981093746856
2703,32,18,147,18147,Spencer,11785,2,2026-10-01T16:27:15Z,Indiana,0.01697072549851506
2704,32,18,115,18115,Ohio,1347,0,2026-10-01T16:27:15Z,Indiana,0
4417,32,18,123,18123,Perry,5199,0,2026-10-01T16:27:15Z,Indiana,0
6627,32,18,NA,NA,Preble,1,0,2026-10-01T16:25:12Z,Indiana,0
132,33,13,1,13001,Appling,12754,0,2026-10-01T16:25:38Z,Georgia,0
133,33,13,3,13003,Atkinson,4867,1,2026-10-01T16:25:38Z,Georgia,0.02054653790836244
134,33,13,5,13005,Bacon,7234,1,2026-10-01T16:25:38Z,Georgia,0.013823610727121925
136,33,13,9,13009,Baldwin,23309,0,2026-10-01T16:25:40Z,Georgia,0
137,33,13,11,13011,Banks,10820,4,2026-10-01T16:25:55Z,Georgia,0.03696857670979667
138,33,13,13,13013,Barrow,43233,1,2026-10-01T16:25:54Z,Georgia,0.0023130479032220756
139,33,13,15,13015,Bartow,50381,10,2026-10-01T16:25:54Z,Georgia,0.019848752505905003
140,33,13,17,13017,Ben Hill,3494,0,2026-10-01T16:25:49Z,Georgia,0
141,33,13,19,13019,Berrien,12235,1,2026-10-01T16:25:55Z,Georgia,0.008173273395995096
142,33,13,21,13021,Bibb,81293,11,2026-10-01T16:25:40Z,Georgia,0.0135313003579644
143,33,13,23,13023,Bleckley,3309,0,2026-10-01T16:25:36Z,Georgia,0
144,33,13,25,13025,Brantley,10149,0,2026-10-01T16:25:41Z,Georgia,0
145,33,13,27,13027,Brooks,9665,1,2026-10-01T16:25:55Z,Georgia,0.010346611484738748
146,33,13,29,13029,Bryan,25959,1,2026-10-01T16:25:49Z,Georgia,0.003852228514195462
147,33,13,31,13031,Bulloch,49165,3,2026-10-01T16:25:49Z,Georgia,0.006101901759381674
148,33,13,33,13033,Burke,14357,0,2026-10-01T16:25:49Z,Georgia,0
149,33,13,35,13035,Butts,9355,0,2026-10-01T16:25:38Z,Georgia,0
150,33,13,37,13037,Calhoun,3478,0,2026-10-01T16:25:51Z,Georgia,0
151,33,13,39,13039,Camden,30079,0,2026-10-01T16:25:41Z,Georgia,0
152,33,13,43,13043,Candler,9044,0,2026-10-01T16:25:36Z,Georgia,0
153,33,13,45,13045,Carroll,59690,2,2026-10-01T16:25:51Z,Georgia,0.0033506449991623386
154,33,13,47,13047,Catoosa,34169,8,2026-10-01T16:25:37Z,Georgia,0.023413035207351694
155,33,13,49,13049,Charlton,6207,2,2026-10-01T16:25:41Z,Georgia,0.03222168519413565
156,33,13,51,13051,Chatham,173878,139,2026-10-01T16:25:36Z,Georgia,0.07994110813328885
157,33,13,53,13053,Chattahoochee,3123,0,2026-10-01T16:25:47Z,Georgia,0
158,33,13,55,13055,Chattooga,18005,1,2026-10-01T16:25:36Z,Georgia,0.005554012774229381
159,33,13,57,13057,Cherokee,133281,6,2026-10-01T16:25:55Z,Georgia,0.004501766943525334
160,33,13,59,13059,Clarke,66521,10,2026-10-01T16:25:54Z,Georgia,0.01503284677019287
161,33,13,61,13061,Clay,2617,0,2026-10-01T16:25:36Z,Georgia,0
162,33,13,63,13063,Clayton,125412,1,2026-10-01T16:25:38Z,Georgia,7.973718623417217e-4
163,33,13,65,13065,Clinch,1696,1,2026-10-01T16:25:36Z,Georgia,0.0589622641509434
164,33,13,67,13067,Cobb,354325,36,2026-10-01T16:25:56Z,Georgia,0.010160163691526142
165,33,13,69,13069,Coffee,17156,65,2026-10-01T16:25:49Z,Georgia,0.3788761949172301
166,33,13,71,13071,Colquitt,16765,2,2026-10-01T16:25:55Z,Georgia,0.011929615269907545
167,33,13,73,13073,Columbia,72391,1,2026-10-01T16:25:38Z,Georgia,0.001381387189015209
168,33,13,75,13075,Cook,9671,0,2026-10-01T16:25:36Z,Georgia,0
169,33,13,77,13077,Coweta,16890,0,2026-10-01T16:25:51Z,Georgia,0
170,33,13,79,13079,Crawford,11778,2,2026-10-01T16:25:48Z,Georgia,0.016980811682798438
171,33,13,81,13081,Crisp,11837,0,2026-10-01T16:25:36Z,Georgia,0
172,33,13,83,13083,Dade,11037,1,2026-10-01T16:25:36Z,Georgia,0.00906043308870164
173,33,13,85,13085,Dawson,22548,1,2026-10-01T16:25:55Z,Georgia,0.0044349831470640415
174,33,13,87,13087,Decatur,16258,0,2026-10-01T16:25:51Z,Georgia,0
175,33,13,89,13089,Dekalb,352952,23,2026-10-01T16:25:52Z,Georgia,0.006516466828350597
176,33,13,91,13091,Dodge,3851,0,2026-10-01T16:25:36Z,Georgia,0
177,33,13,93,13093,Dooly,8745,1,2026-10-01T16:25:36Z,Georgia,0.011435105774728416
178,33,13,95,13095,Dougherty,11591,1,2026-10-01T16:25:51Z,Georgia,0.00862738331464067
179,33,13,97,13097,Douglas,68526,3,2026-10-01T16:25:51Z,Georgia,0.00437790035898783
180,33,13,99,13099,Early,873,0,2026-10-01T16:25:51Z,Georgia,0
181,33,13,101,13101,Echols,713,0,2026-10-01T16:25:36Z,Georgia,0
182,33,13,103,13103,Effingham,34189,1,2026-10-01T16:25:49Z,Georgia,0.0029249173710842666
183,33,13,105,13105,Elbert,8534,0,2026-10-01T16:25:55Z,Georgia,0
184,33,13,107,13107,Emanuel,15767,1,2026-10-01T16:25:49Z,Georgia,0.006342360626625229
185,33,13,109,13109,Evans,9485,1,2026-10-01T16:25:36Z,Georgia,0.010542962572482868
186,33,13,113,13113,Fayette,15463,0,2026-10-01T16:25:51Z,Georgia,0
187,33,13,115,13115,Floyd,49108,1,2026-10-01T16:25:50Z,Georgia,0.0020363280931823733
188,33,13,117,13117,Forsyth,115814,6,2026-10-01T16:25:55Z,Georgia,0.005180720810955497
189,33,13,119,13119,Franklin,15697,0,2026-10-01T16:25:55Z,Georgia,0
190,33,13,121,13121,Fulton,532713,403,2026-10-01T16:25:55Z,Georgia,0.07565049097731799
191,33,13,123,13123,Gilmer,39507,2,2026-10-01T16:25:41Z,Georgia,0.005062394006125496
192,33,13,125,13125,Glascock,1899,0,2026-10-01T16:25:38Z,Georgia,0
193,33,13,127,13127,Glynn,53143,21,2026-10-01T16:25:41Z,Georgia,0.03951602280639031
194,33,13,129,13129,Gordon,32722,6,2026-10-01T16:25:37Z,Georgia,0.018336287512988204
195,33,13,131,13131,Grady,13247,0,2026-10-01T16:25:51Z,Georgia,0
196,33,13,133,13133,Greene,16645,0,2026-10-01T16:25:52Z,Georgia,0
197,33,13,135,13135,Gwinnett,389475,61,2026-10-01T16:25:55Z,Georgia,0.015662109249630914
198,33,13,137,13137,Habersham,8865,0,2026-10-01T16:25:55Z,Georgia,0
199,33,13,139,13139,Hall,101818,29,2026-10-01T16:25:55Z,Georgia,0.02848219371820307
200,33,13,141,13141,Hancock,7061,1,2026-10-01T16:25:37Z,Georgia,0.0141622999575131
201,33,13,143,13143,Haralson,15909,2,2026-10-01T16:25:50Z,Georgia,0.012571500408573763
202,33,13,145,13145,Harris,18027,0,2026-10-01T16:25:36Z,Georgia,0
203,33,13,147,13147,Hart,18737,2,2026-10-01T16:25:55Z,Georgia,0.010674067353365
204,33,13,149,13149,Heard,5602,176,2026-10-01T16:25:50Z,Georgia,3.1417350946090683
205,33,13,151,13151,Henry,82120,0,2026-10-01T16:25:38Z,Georgia,0
206,33,13,153,13153,Houston,23930,0,2026-10-01T16:25:36Z,Georgia,0
207,33,13,155,13155,Irwin,6312,0,2026-10-01T16:25:49Z,Georgia,0
208,33,13,157,13157,Jackson,42200,1,2026-10-01T16:25:54Z,Georgia,0.0023696682464454974
209,33,13,159,13159,Jasper,6824,1,2026-10-01T16:25:40Z,Georgia,0.014654161781946071
210,33,13,161,13161,Jeff Davis,8681,0,2026-10-01T16:25:38Z,Georgia,0
211,33,13,163,13163,Jefferson,9815,0,2026-10-01T16:25:38Z,Georgia,0
212,33,13,165,13165,Jenkins,5294,6,2026-10-01T16:25:49Z,Georgia,0.11333585190782018
213,33,13,167,13167,Johnson,4976,2,2026-10-01T16:25:38Z,Georgia,0.04019292604501608
214,33,13,169,13169,Jones,13591,0,2026-10-01T16:25:40Z,Georgia,0
215,33,13,171,13171,Lamar,11893,0,2026-10-01T16:25:38Z,Georgia,0
216,33,13,173,13173,Lanier,1786,0,2026-10-01T16:25:36Z,Georgia,0
217,33,13,175,13175,Laurens,21501,0,2026-10-01T16:25:37Z,Georgia,0
218,33,13,177,13177,Lee,16052,0,2026-10-01T16:25:51Z,Georgia,0
219,33,13,179,13179,Liberty,37782,0,2026-10-01T16:25:49Z,Georgia,0
220,33,13,181,13181,Lincoln,8536,0,2026-10-01T16:25:36Z,Georgia,0
221,33,13,183,13183,Long,9169,0,2026-10-01T16:25:49Z,Georgia,0
222,33,13,185,13185,Lowndes,64129,2,2026-10-01T16:25:55Z,Georgia,0.0031187138424113897
223,33,13,187,13187,Lumpkin,16210,0,2026-10-01T16:25:55Z,Georgia,0
224,33,13,193,13193,Macon,6568,1,2026-10-01T16:25:40Z,Georgia,0.01522533495736906
225,33,13,195,13195,Madison,18336,7,2026-10-01T16:25:55Z,Georgia,0.038176265270506105
226,33,13,197,13197,Marion,4679,0,2026-10-01T16:25:47Z,Georgia,0
227,33,13,189,13189,Mcduffie,11957,0,2026-10-01T16:25:38Z,Georgia,0
228,33,13,191,13191,Mcintosh,9198,0,2026-10-01T16:25:49Z,Georgia,0
229,33,13,199,13199,Meriwether,17453,0,2026-10-01T16:25:48Z,Georgia,0
230,33,13,201,13201,Miller,1279,0,2026-10-01T16:25:51Z,Georgia,0
231,33,13,205,13205,Mitchell,10633,2,2026-10-01T16:25:51Z,Georgia,0.018809367064798268
232,33,13,207,13207,Monroe,15205,1,2026-10-01T16:25:38Z,Georgia,0.006576783952647156
233,33,13,209,13209,Montgomery,4102,0,2026-10-01T16:25:36Z,Georgia,0
234,33,13,211,13211,Morgan,12650,0,2026-10-01T16:25:52Z,Georgia,0
235,33,13,213,13213,Murray,23121,0,2026-10-01T16:25:36Z,Georgia,0
236,33,13,215,13215,Muscogee,94692,17,2026-10-01T16:25:36Z,Georgia,0.017952942170405103
237,33,13,217,13217,Newton,3391,0,2026-10-01T16:25:52Z,Georgia,0
238,33,13,219,13219,Oconee,21017,0,2026-10-01T16:25:54Z,Georgia,0
239,33,13,221,13221,Oglethorpe,9861,0,2026-10-01T16:25:54Z,Georgia,0
241,33,13,223,13223,Paulding,76002,4,2026-10-01T16:25:54Z,Georgia,0.005263019394226467
242,33,13,225,13225,Peach,7858,0,2026-10-01T16:25:36Z,Georgia,0
243,33,13,227,13227,Pickens,26048,0,2026-10-01T16:25:36Z,Georgia,0
244,33,13,229,13229,Pierce,11567,12,2026-10-01T16:25:38Z,Georgia,0.10374340797095186
245,33,13,231,13231,Pike,13443,135,2026-10-01T16:25:48Z,Georgia,1.0042401249721045
246,33,13,233,13233,Polk,20348,14,2026-10-01T16:25:50Z,Georgia,0.06880283074503638
247,33,13,235,13235,Pulaski,5970,0,2026-10-01T16:25:36Z,Georgia,0
248,33,13,237,13237,Putnam,16827,1,2026-10-01T16:25:40Z,Georgia,0.005942829975634396
249,33,13,239,13239,Quitman,2070,0,2026-10-01T16:25:47Z,Georgia,0
250,33,13,241,13241,Rabun,12383,1,2026-10-01T16:25:55Z,Georgia,0.008075587498990552
251,33,13,243,13243,Randolph,4798,0,2026-10-01T16:25:47Z,Georgia,0
252,33,13,245,13245,Richmond,103652,23,2026-10-01T16:25:49Z,Georgia,0.022189634546366688
253,33,13,247,13247,Rockdale,14203,1,2026-10-01T16:25:52Z,Georgia,0.007040766035344645
254,33,13,249,13249,Schley,1575,0,2026-10-01T16:25:47Z,Georgia,0
255,33,13,251,13251,Screven,8078,0,2026-10-01T16:25:49Z,Georgia,0
256,33,13,253,13253,Seminole,1782,0,2026-10-01T16:25:36Z,Georgia,0
257,33,13,255,13255,Spalding,34366,1,2026-10-01T16:25:38Z,Georgia,0.0029098527614502706
258,33,13,257,13257,Stephens,16013,8,2026-10-01T16:25:55Z,Georgia,0.049959407981015426
259,33,13,259,13259,Stewart,2891,0,2026-10-01T16:25:47Z,Georgia,0
260,33,13,261,13261,Sumter,17665,1,2026-10-01T16:25:47Z,Georgia,0.005660911406736485
261,33,13,263,13263,Talbot,4855,0,2026-10-01T16:25:48Z,Georgia,0
262,33,13,265,13265,Taliaferro,2546,0,2026-10-01T16:25:36Z,Georgia,0
263,33,13,267,13267,Tattnall,19756,2,2026-10-01T16:25:44Z,Georgia,0.010123506782749543
264,33,13,269,13269,Taylor,6288,0,2026-10-01T16:25:48Z,Georgia,0
265,33,13,271,13271,Telfair,3498,0,2026-10-01T16:25:36Z,Georgia,0
266,33,13,273,13273,Terrell,5782,1,2026-10-01T16:25:47Z,Georgia,0.017295053614666205
267,33,13,275,13275,Thomas,14729,6,2026-10-01T16:25:51Z,Georgia,0.04073596306606015
268,33,13,277,13277,Tift,21256,5,2026-10-01T16:25:55Z,Georgia,0.023522770041400073
269,33,13,279,13279,Toombs,14928,0,2026-10-01T16:25:44Z,Georgia,0
270,33,13,283,13283,Treutlen,2740,0,2026-10-01T16:25:36Z,Georgia,0
271,33,13,285,13285,Troup,18624,1,2026-10-01T16:25:50Z,Georgia,0.0053694158075601375
272,33,13,287,13287,Turner,5741,0,2026-10-01T16:25:51Z,Georgia,0
273,33,13,289,13289,Twiggs,5120,0,2026-10-01T16:25:40Z,Georgia,0
274,33,13,NA,NA,Unknown,6740,0,2026-10-01T16:25:52Z,Georgia,0
275,33,13,293,13293,Upson,11727,55,2026-10-01T16:25:48Z,Georgia,0.46900315511213436
276,33,13,295,13295,Walker,34729,3,2026-10-01T16:25:37Z,Georgia,0.008638313801146016
277,33,13,297,13297,Walton,39484,1,2026-10-01T16:25:52Z,Georgia,0.002532671461857968
278,33,13,299,13299,Ware,17746,3,2026-10-01T16:25:41Z,Georgia,0.016905218077313197
279,33,13,301,13301,Warren,3552,0,2026-10-01T16:25:38Z,Georgia,0
280,33,13,303,13303,Washington,8608,0,2026-10-01T16:25:38Z,Georgia,0
281,33,13,305,13305,Wayne,17559,4,2026-10-01T16:25:41Z,Georgia,0.022780340566091465
282,33,13,307,13307,Webster,1869,0,2026-10-01T16:25:47Z,Georgia,0
283,33,13,309,13309,Wheeler,826,0,2026-10-01T16:25:36Z,Georgia,0
284,33,13,311,13311,White,5083,0,2026-10-01T16:25:55Z,Georgia,0
285,33,13,313,13313,Whitfield,39374,4,2026-10-01T16:25:37Z,Georgia,0.010158988164778787
286,33,13,315,13315,Wilcox,8078,0,2026-10-01T16:25:49Z,Georgia,0
287,33,13,317,13317,Wilkes,7436,0,2026-10-01T16:25:36Z,Georgia,0
288,33,13,319,13319,Wilkinson,5797,0,2026-10-01T16:25:40Z,Georgia,0
289,33,13,321,13321,Worth,9875,0,2026-10-01T16:25:51Z,Georgia,0
1162,33,13,111,13111,Fannin,26275,1,2026-10-01T16:25:25Z,Georgia,0.0038058991436726924
3781,33,13,291,13291,Union,20528,0,2026-10-01T16:25:25Z,Georgia,0
3782,33,13,281,13281,Towns,11461,10,2026-10-01T16:25:25Z,Georgia,0.08725242125468982
4229,33,13,7,13007,Baker,2739,0,2026-10-01T16:25:51Z,Georgia,0
4851,33,13,NA,NA,Fort Benning,0,0,2021-06-09T05:05:31Z,Georgia,NA
6961,33,13,NA,NA,1,639,0,2026-01-15T15:16:26Z,Georgia,0
7205,33,13,NA,NA,Hamilton,1,0,2026-08-21T11:54:56Z,Georgia,0
290,34,12,1,12001,Alachua,135385,8,2026-10-01T16:26:06Z,Florida,0.0059090741219485175
291,34,12,3,12003,Baker,12963,0,2026-10-01T16:26:06Z,Florida,0
292,34,12,5,12005,Bay,135611,40,2026-10-01T16:26:05Z,Florida,0.029496132319649586
293,34,12,7,12007,Bradford,10858,0,2026-10-01T16:26:06Z,Florida,0
294,34,12,9,12009,Brevard,356473,74,2026-10-01T16:26:05Z,Florida,0.020758935459347552
295,34,12,11,12011,Broward,988822,1035,2026-10-01T16:26:05Z,Florida,0.1046700012742435
296,34,12,15,12015,Charlotte,147742,12,2026-10-01T16:26:05Z,Florida,0.008122267195516508
297,34,12,17,12017,Citrus,100608,6,2026-10-01T16:26:07Z,Florida,0.005963740458015267
298,34,12,19,12019,Clay,103037,5,2026-10-01T16:26:06Z,Florida,0.004852625755796462
299,34,12,21,12021,Collier,283638,68,2026-10-01T16:26:05Z,Florida,0.023974220661547467
300,34,12,23,12023,Columbia,36465,2,2026-10-01T16:26:06Z,Florida,0.005484711367064308
302,34,12,29,12029,Dixie,10609,0,2026-10-01T16:26:00Z,Florida,0
303,34,12,31,12031,Duval,511390,1,2026-10-01T16:26:06Z,Florida,1.9554547410000197e-4
304,34,12,35,12035,Flagler,79214,1,2026-10-01T16:26:06Z,Florida,0.0012624031105612644
305,34,12,37,12037,Franklin,11730,9,2026-10-01T16:25:12Z,Florida,0.07672634271099744
306,34,12,39,12039,Gadsden,18,0,2026-10-01T16:25:45Z,Florida,0
307,34,12,41,12041,Gilchrist,10591,0,2026-10-01T16:26:06Z,Florida,0
308,34,12,43,12043,Glades,7386,5,2026-10-01T16:26:05Z,Florida,0.06769564040075819
309,34,12,45,12045,Gulf,13278,0,2026-10-01T16:26:01Z,Florida,0
310,34,12,47,12047,Hamilton,7097,1,2026-10-01T16:26:00Z,Florida,0.014090460758066789
311,34,12,49,12049,Hardee,40,0,2026-10-01T16:26:05Z,Florida,0
312,34,12,51,12051,Hendry,18700,1,2026-10-01T16:26:05Z,Florida,0.0053475935828877
313,34,12,53,12053,Hernando,110081,22,2026-10-01T16:26:07Z,Florida,0.019985283563921114
314,34,12,55,12055,Highlands,67161,8,2026-10-01T16:26:05Z,Florida,0.01191167493039115
315,34,12,57,12057,Hillsborough,708064,142,2026-10-01T16:26:06Z,Florida,0.020054684322321145
316,34,12,61,12061,Indian River,104315,6,2026-10-01T16:26:05Z,Florida,0.0057518094233811054
317,34,12,65,12065,Jefferson,8980,0,2026-10-01T16:26:00Z,Florida,0
318,34,12,67,12067,Lafayette,4541,0,2026-10-01T16:26:00Z,Florida,0
319,34,12,69,12069,Lake,211988,1,2026-10-01T16:26:07Z,Florida,4.7172481461214784e-4
320,34,12,71,12071,Lee,537074,277,2026-10-01T16:26:05Z,Florida,0.05157576050972491
321,34,12,73,12073,Leon,105541,0,2026-10-01T16:26:00Z,Florida,0
322,34,12,75,12075,Levy,26600,0,2026-10-01T16:26:07Z,Florida,0
323,34,12,77,12077,Liberty,1573,0,2026-10-01T16:25:12Z,Florida,0
324,34,12,79,12079,Madison,11532,0,2026-10-01T16:26:00Z,Florida,0
325,34,12,81,12081,Manatee,215856,58,2026-10-01T16:26:05Z,Florida,0.026869765028537544
326,34,12,83,12083,Marion,232540,6,2026-10-01T16:26:07Z,Florida,0.0025802012556979444
327,34,12,85,12085,Martin,102595,79,2026-10-01T16:26:05Z,Florida,0.07700180320678394
328,34,12,86,12086,Miami-Dade,1249094,1314,2026-10-01T16:26:05Z,Florida,0.10519624623927422
329,34,12,87,12087,Monroe,134786,3,2026-10-01T16:26:05Z,Florida,0.0022257504488596737
330,34,12,89,12089,Nassau,69956,5,2026-10-01T16:26:05Z,Florida,0.007147349762707988
331,34,12,93,12093,Okeechobee,23769,0,2026-10-01T16:26:05Z,Florida,0
332,34,12,95,12095,Orange,677967,81,2026-10-01T16:26:05Z,Florida,0.011947484169583475
333,34,12,97,12097,Osceola,222813,0,2026-10-01T16:26:05Z,Florida,0
334,34,12,99,12099,Palm Beach,822409,497,2026-10-01T16:26:05Z,Florida,0.0604322180326334
335,34,12,101,12101,Pasco,336171,82,2026-10-01T16:26:07Z,Florida,0.02439234794197001
336,34,12,103,12103,Pinellas,571624,2755,2026-10-01T16:25:12Z,Florida,0.4819601696219893
337,34,12,105,12105,Polk,389013,77,2026-10-01T16:26:06Z,Florida,0.019793682987458004
338,34,12,107,12107,Putnam,44286,35,2026-10-01T16:26:06Z,Florida,0.0790317481822698
339,34,12,115,12115,Sarasota,318782,82,2026-10-01T16:26:05Z,Florida,0.02572290781788181
340,34,12,117,12117,Seminole,232651,17,2026-10-01T16:26:05Z,Florida,0.007307082282044779
342,34,12,111,12111,St. Lucie,195258,1,2026-10-01T16:26:05Z,Florida,5.12142908357148e-4
343,34,12,119,12119,Sumter,103394,0,2026-10-01T16:26:07Z,Florida,0
344,34,12,121,12121,Suwannee,25569,8,2026-10-01T16:26:06Z,Florida,0.03128788767648324
345,34,12,123,12123,Taylor,13971,0,2026-10-01T16:26:00Z,Florida,0
346,34,12,125,12125,Union,5959,0,2026-10-01T16:26:06Z,Florida,0
347,34,12,NA,NA,Unknown,18269,0,2026-10-01T16:25:12Z,Florida,0
348,34,12,127,12127,Volusia,328670,49,2026-10-01T16:26:06Z,Florida,0.014908570906988773
349,34,12,129,12129,Wakulla,7943,0,2026-10-01T16:25:12Z,Florida,0
2272,34,12,33,12033,Escambia,173134,18,2026-10-01T16:26:05Z,Florida,0.010396571441773424
2273,34,12,59,12059,Holmes,10635,0,2026-10-01T16:26:05Z,Florida,0
2274,34,12,63,12063,Jackson,32601,0,2026-10-01T16:26:05Z,Florida,0
2275,34,12,91,12091,Okaloosa,123526,10,2026-10-01T16:26:05Z,Florida,0.008095461684179848
2276,34,12,113,12113,Santa Rosa,97848,5,2026-10-01T16:26:05Z,Florida,0.0051099664786199
2277,34,12,131,12131,Walton,81610,4,2026-10-01T16:26:05Z,Florida,0.004901360127435363
2278,34,12,133,12133,Washington,14395,2,2026-10-01T16:26:05Z,Florida,0.013893713094824593
2317,34,12,109,12109,St. Johns,161762,0,2026-10-01T16:26:05Z,Florida,0
2340,34,12,27,12027,Desoto,18520,0,2026-10-01T16:26:05Z,Florida,0
2343,34,12,13,12013,Calhoun,7846,0,2026-10-01T16:26:01Z,Florida,0
6420,34,12,NA,NA,Brooks,5,0,2026-10-01T16:26:00Z,Florida,0
6421,34,12,NA,NA,Thomas,17,0,2026-10-01T16:26:00Z,Florida,0
7196,34,12,NA,NA,Undefined,8872,0,2026-07-16T15:57:30Z,Florida,0
1862,35,26,53,26053,Gogebic,18993,0,2026-10-01T16:27:25Z,Michigan,0
1924,35,26,5,26005,Allegan,63751,0,2026-10-01T16:27:26Z,Michigan,0
1925,35,26,21,26021,Berrien,84643,1,2026-10-01T16:27:11Z,Michigan,0.0011814326051770377
1926,35,26,27,26027,Cass,39522,1,2026-10-01T16:27:11Z,Michigan,0.0025302363240726684
1927,35,26,77,26077,Kalamazoo,136680,24,2026-10-01T16:27:22Z,Michigan,0.01755926251097454
1928,35,26,149,26149,St. Joseph,29350,0,2026-10-01T16:27:22Z,Michigan,0
1929,35,26,159,26159,Van Buren,43174,0,2026-10-01T16:27:22Z,Michigan,0
2233,35,26,131,26131,Ontonagon,7916,2,2026-10-01T16:27:25Z,Michigan,0.025265285497726126
2618,35,26,1,26001,Alcona,13844,0,2026-10-01T16:27:26Z,Michigan,0
2622,35,26,7,26007,Alpena,18992,0,2026-10-01T16:27:26Z,Michigan,0
2623,35,26,9,26009,Antrim,22250,0,2026-10-01T16:27:26Z,Michigan,0
2624,35,26,11,26011,Arenac,11852,4,2026-10-01T16:27:22Z,Michigan,0.03374957813027337
2627,35,26,15,26015,Barry,33715,0,2026-10-01T16:27:26Z,Michigan,0
2628,35,26,17,26017,Bay,35202,0,2026-10-01T16:27:22Z,Michigan,0
2629,35,26,19,26019,Benzie,14331,0,2026-10-01T16:27:25Z,Michigan,0
2631,35,26,23,26023,Branch,19132,1,2026-10-01T16:27:22Z,Michigan,0.005226845076311938
2632,35,26,25,26025,Calhoun,64008,8,2026-10-01T16:27:22Z,Michigan,0.012498437695288089
2635,35,26,29,26029,Charlevoix,17987,12,2026-10-01T16:27:26Z,Michigan,0.06671484961360982
2636,35,26,31,26031,Cheboygan,21735,0,2026-10-01T16:27:26Z,Michigan,0
2637,35,26,35,26035,Clare,26661,29,2026-10-01T16:27:26Z,Michigan,0.10877311428678595
2639,35,26,37,26037,Clinton,38646,1,2026-10-01T16:27:25Z,Michigan,0.0025875899187496765
2640,35,26,39,26039,Crawford,12254,0,2026-10-01T16:27:26Z,Michigan,0
2642,35,26,45,26045,Eaton,51191,7,2026-10-01T16:27:27Z,Michigan,0.013674278681799537
2643,35,26,47,26047,Emmet,18439,0,2026-10-01T16:27:26Z,Michigan,0
2646,35,26,49,26049,Genesee,210942,8,2026-10-01T16:27:22Z,Michigan,0.0037925116856766315
2647,35,26,51,26051,Gladwin,21748,737,2026-10-01T16:27:22Z,Michigan,3.3888173625160936
2648,35,26,55,26055,Grand Traverse,51308,4,2026-10-01T16:27:26Z,Michigan,0.007796055196070789
2649,35,26,57,26057,Gratiot,17462,1,2026-10-01T16:27:25Z,Michigan,0.005726720879624328
2650,35,26,59,26059,Hillsdale,20373,0,2026-10-01T16:27:22Z,Michigan,0
2651,35,26,65,26065,Ingham,139474,2,2026-10-01T16:27:25Z,Michigan,0.0014339590174512811
2652,35,26,67,26067,Ionia,27366,0,2026-10-01T16:27:25Z,Michigan,0
2653,35,26,69,26069,Iosco,23709,0,2026-10-01T16:27:22Z,Michigan,0
2654,35,26,73,26073,Isabella,32799,3,2026-10-01T16:27:25Z,Michigan,0.009146620323790359
2655,35,26,75,26075,Jackson,80606,3,2026-10-01T16:27:25Z,Michigan,0.003721807309629556
2656,35,26,79,26079,Kalkaska,20175,0,2026-10-01T16:27:26Z,Michigan,0
2657,35,26,81,26081,Kent,309134,126,2026-10-01T16:27:26Z,Michigan,0.04075902359494588
2658,35,26,85,26085,Lake,14903,1,2026-10-01T16:27:26Z,Michigan,0.006710058377507885
2659,35,26,87,26087,Lapeer,41593,1,2026-10-01T16:27:23Z,Michigan,0.0024042507152645877
2660,35,26,89,26089,Leelanau,19565,0,2026-10-01T16:27:25Z,Michigan,0
2661,35,26,91,26091,Lenawee,61411,0,2026-10-01T16:27:22Z,Michigan,0
2662,35,26,93,26093,Livingston,90431,13,2026-10-01T16:27:23Z,Michigan,0.014375601287169222
2663,35,26,101,26101,Manistee,18910,239,2026-10-01T16:27:26Z,Michigan,1.263881544156531
2664,35,26,105,26105,Mason,21241,0,2026-10-01T16:27:26Z,Michigan,0
2665,35,26,107,26107,Mecosta,24711,78,2026-10-01T16:27:26Z,Michigan,0.3156489012990166
2666,35,26,111,26111,Midland,44804,0,2026-10-01T16:27:22Z,Michigan,0
2667,35,26,113,26113,Missaukee,10814,34,2026-10-01T16:27:26Z,Michigan,0.3144072498612909
2668,35,26,115,26115,Monroe,73978,28,2026-10-01T16:27:23Z,Michigan,0.03784909027008029
2669,35,26,117,26117,Montcalm,35210,0,2026-10-01T16:27:26Z,Michigan,0
2670,35,26,119,26119,Montmorency,10188,0,2026-10-01T16:27:26Z,Michigan,0
2671,35,26,121,26121,Muskegon,88144,6,2026-10-01T16:27:26Z,Michigan,0.00680704302051189
2672,35,26,123,26123,Newaygo,30216,7,2026-10-01T16:27:26Z,Michigan,0.023166534286470745
2673,35,26,125,26125,Oakland,606188,77,2026-10-01T16:27:23Z,Michigan,0.012702329970240255
2674,35,26,127,26127,Oceana,18387,0,2026-10-01T16:27:26Z,Michigan,0
2675,35,26,129,26129,Ogemaw,18976,366,2026-10-01T16:27:22Z,Michigan,1.9287521079258012
2676,35,26,133,26133,Osceola,15390,1066,2026-10-01T16:27:26Z,Michigan,6.926575698505523
2677,35,26,135,26135,Oscoda,9744,0,2026-10-01T16:27:26Z,Michigan,0
2678,35,26,137,26137,Otsego,19187,0,2026-10-01T16:27:26Z,Michigan,0
2679,35,26,139,26139,Ottawa,111521,1,2026-10-01T16:27:26Z,Michigan,8.966921028326504e-4
2680,35,26,141,26141,Presque Isle,13371,0,2026-10-01T16:27:26Z,Michigan,0
2681,35,26,143,26143,Roscommon,27146,2,2026-10-01T16:27:22Z,Michigan,0.007367567965814484
2682,35,26,145,26145,Saginaw,98228,1,2026-10-01T16:27:25Z,Michigan,0.0010180396628252637
2683,35,26,155,26155,Shiawassee,34944,0,2026-10-01T16:27:22Z,Michigan,0
2685,35,26,157,26157,Tuscola,27043,15,2026-10-01T16:27:25Z,Michigan,0.055467218873645675
2686,35,26,161,26161,Washtenaw,171464,26,2026-10-01T16:27:23Z,Michigan,0.015163532869873559
2687,35,26,165,26165,Wexford,20997,0,2026-10-01T16:27:26Z,Michigan,0
2688,35,26,63,26063,Huron,22290,0,2026-10-01T16:27:25Z,Michigan,0
2689,35,26,99,26099,Macomb,405596,40,2026-10-01T16:27:23Z,Michigan,0.009862030197536465
2690,35,26,151,26151,Sanilac,23402,0,2026-10-01T16:27:25Z,Michigan,0
2691,35,26,147,26147,St. Clair,80369,1,2026-10-01T16:27:23Z,Michigan,0.0012442608468439323
2692,35,26,163,26163,Wayne,778884,26,2026-10-01T16:27:23Z,Michigan,0.003338109397548287
3068,35,26,43,26043,Dickinson,12972,0,2026-10-01T16:27:26Z,Michigan,0
3069,35,26,33,26033,Chippewa,23364,0,2026-10-01T16:27:24Z,Michigan,0
3070,35,26,41,26041,Delta,15182,0,2026-10-01T16:27:26Z,Michigan,0
3071,35,26,95,26095,Luce,2600,0,2026-10-01T16:27:24Z,Michigan,0
3072,35,26,97,26097,Mackinac,12161,0,2026-10-01T16:27:26Z,Michigan,0
3074,35,26,153,26153,Schoolcraft,7395,0,2026-10-01T16:27:26Z,Michigan,0
3099,35,26,71,26071,Iron,12164,0,2026-09-29T15:27:52Z,Michigan,0
3162,35,26,103,26103,Marquette,32788,14,2026-10-01T16:27:27Z,Michigan,0.04269854824935952
3193,35,26,3,26003,Alger,9494,0,2026-10-01T16:27:26Z,Michigan,0
3195,35,26,13,26013,Baraga,3955,1,2026-10-01T16:27:25Z,Michigan,0.025284450063211124
3218,35,26,109,26109,Menominee,16098,0,2026-10-01T16:27:26Z,Michigan,0
3222,35,26,NA,NA,Unknown,1038,19,2026-10-01T16:27:25Z,Michigan,1.8304431599229287
3224,35,26,61,26061,Houghton,29811,0,2026-09-05T01:17:15Z,Michigan,0
3633,35,26,83,26083,Keweenaw,5047,0,2026-10-01T16:27:25Z,Michigan,0
6978,35,26,NA,NA,Allegan 49010,648,0,2026-10-01T16:27:26Z,Michigan,0
6979,35,26,NA,NA,Allegan 49070,156,0,2026-10-01T16:27:26Z,Michigan,0
6980,35,26,NA,NA,Allegan 49078,258,0,2026-10-01T16:27:26Z,Michigan,0
6981,35,26,NA,NA,Allegan 49080,95,0,2026-10-01T16:27:26Z,Michigan,0
6982,35,26,NA,NA,Allegan 49315,1,0,2026-10-01T16:27:26Z,Michigan,0
6983,35,26,NA,NA,Allegan 49316,3,0,2026-10-01T16:27:26Z,Michigan,0
6984,35,26,NA,NA,Allegan 49323,824,0,2026-10-01T16:27:26Z,Michigan,0
6985,35,26,NA,NA,Allegan 49328,126,0,2026-10-01T16:27:26Z,Michigan,0
6986,35,26,NA,NA,Allegan 49344,296,0,2026-10-01T16:27:26Z,Michigan,0
6987,35,26,NA,NA,Allegan 49348,1211,0,2026-10-01T16:27:26Z,Michigan,0
6988,35,26,NA,NA,Allegan 49419,189,0,2026-10-01T16:27:26Z,Michigan,0
6989,35,26,NA,NA,Allegan 49423,153,0,2026-10-01T16:27:26Z,Michigan,0
6990,35,26,NA,NA,Allegan 49426,10,0,2026-10-01T16:27:26Z,Michigan,0
6991,35,26,NA,NA,Allegan 49464,55,0,2026-10-01T16:27:26Z,Michigan,0
6992,35,26,NA,NA,Antrim 49611,5,0,2026-10-01T16:27:26Z,Michigan,0
6993,35,26,NA,NA,Antrim 49612,243,0,2026-10-01T16:27:26Z,Michigan,0
6994,35,26,NA,NA,Antrim 49615,2237,0,2026-10-01T16:27:26Z,Michigan,0
6995,35,26,NA,NA,Antrim 49622,1418,0,2026-10-01T16:27:26Z,Michigan,0
6996,35,26,NA,NA,Antrim 49627,178,0,2026-10-01T16:27:26Z,Michigan,0
6997,35,26,NA,NA,Antrim 49629,73,0,2026-10-01T16:27:26Z,Michigan,0
6998,35,26,NA,NA,Antrim 49648,2151,0,2026-10-01T16:27:26Z,Michigan,0
6999,35,26,NA,NA,Antrim 49659,2211,0,2026-10-01T16:27:26Z,Michigan,0
7000,35,26,NA,NA,Antrim 49676,235,0,2026-10-01T16:27:26Z,Michigan,0
7001,35,26,NA,NA,Antrim 49712,77,0,2026-10-01T16:27:26Z,Michigan,0
7002,35,26,NA,NA,Antrim 49713,7,0,2026-10-01T16:27:26Z,Michigan,0
7003,35,26,NA,NA,Antrim 49720,181,0,2026-10-01T16:27:26Z,Michigan,0
7004,35,26,NA,NA,Antrim 49727,1133,0,2026-10-01T16:27:26Z,Michigan,0
7005,35,26,NA,NA,Antrim 49729,748,0,2026-10-01T16:27:26Z,Michigan,0
7006,35,26,NA,NA,Antrim 49730,1220,0,2026-10-01T16:27:26Z,Michigan,0
7007,35,26,NA,NA,Antrim 49735,1,0,2026-10-01T16:27:26Z,Michigan,0
7008,35,26,NA,NA,Barry 49046,717,0,2026-10-01T16:27:26Z,Michigan,0
7009,35,26,NA,NA,Barry 49050,35,0,2026-10-01T16:27:26Z,Michigan,0
7010,35,26,NA,NA,Barry 49058,965,0,2026-10-01T16:27:26Z,Michigan,0
7011,35,26,NA,NA,Barry 49080,8,0,2026-10-01T16:27:26Z,Michigan,0
7012,35,26,NA,NA,Barry 49325,29,0,2026-10-01T16:27:26Z,Michigan,0
7013,35,26,NA,NA,Barry 49333,1130,0,2026-10-01T16:27:26Z,Michigan,0
7014,35,26,NA,NA,Barry 49344,57,0,2026-10-01T16:27:26Z,Michigan,0
7015,35,26,NA,NA,Barry 49348,542,0,2026-10-01T16:27:26Z,Michigan,0
7016,35,26,NA,NA,Charlevoix 49712,2505,1,2026-10-01T16:27:26Z,Michigan,0.03992015968063872
7017,35,26,NA,NA,Charlevoix 49713,1279,0,2026-10-01T16:27:26Z,Michigan,0
7018,35,26,NA,NA,Charlevoix 49720,3316,0,2026-10-01T16:27:26Z,Michigan,0
7019,35,26,NA,NA,Charlevoix 49727,1879,0,2026-10-01T16:27:26Z,Michigan,0
7020,35,26,NA,NA,Charlevoix 49729,159,0,2026-10-01T16:27:26Z,Michigan,0
7021,35,26,NA,NA,Charlevoix 49730,250,0,2026-10-01T16:27:26Z,Michigan,0
7022,35,26,NA,NA,Charlevoix 49770,202,0,2026-10-01T16:27:26Z,Michigan,0
7023,35,26,NA,NA,Charlevoix 49782,1245,0,2026-10-01T16:27:26Z,Michigan,0
7024,35,26,NA,NA,Charlevoix 49795,152,0,2026-10-01T16:27:26Z,Michigan,0
7025,35,26,NA,NA,Charlevoix 49796,26,0,2026-10-01T16:27:26Z,Michigan,0
7026,35,26,NA,NA,Cheboygan 49706,388,0,2026-10-01T16:27:26Z,Michigan,0
7027,35,26,NA,NA,Cheboygan 49717,13,0,2026-10-01T16:27:26Z,Michigan,0
7028,35,26,NA,NA,Cheboygan 49749,32,0,2026-10-01T16:27:26Z,Michigan,0
7029,35,26,NA,NA,Cheboygan 49755,1,0,2026-10-01T16:27:26Z,Michigan,0
7030,35,26,NA,NA,Cheboygan 49795,29,0,2026-10-01T16:27:26Z,Michigan,0
7031,35,26,NA,NA,Cheboygan 49799,215,0,2026-10-01T16:27:26Z,Michigan,0
7032,35,26,NA,NA,Clare 48632,11,0,2026-10-01T16:27:26Z,Michigan,0
7033,35,26,NA,NA,Clare 49665,343,0,2026-10-01T16:27:26Z,Michigan,0
7034,35,26,NA,NA,Crawford 48653,155,0,2026-10-01T16:27:26Z,Michigan,0
7035,35,26,NA,NA,Crawford 49733,1103,0,2026-10-01T16:27:26Z,Michigan,0
7036,35,26,NA,NA,Crawford 49735,5,0,2026-10-01T16:27:26Z,Michigan,0
7037,35,26,NA,NA,Crawford 49738,4281,0,2026-10-01T16:27:26Z,Michigan,0
7038,35,26,NA,NA,Crawford 49756,23,0,2026-10-01T16:27:26Z,Michigan,0
7039,35,26,NA,NA,Emmet 49701,12,0,2026-10-01T16:27:26Z,Michigan,0
7040,35,26,NA,NA,Emmet 49706,1150,0,2026-10-01T16:27:26Z,Michigan,0
7041,35,26,NA,NA,Emmet 49713,39,0,2026-10-01T16:27:26Z,Michigan,0
7042,35,26,NA,NA,Emmet 49716,157,0,2026-10-01T16:27:26Z,Michigan,0
7043,35,26,NA,NA,Emmet 49718,362,0,2026-10-01T16:27:26Z,Michigan,0
7044,35,26,NA,NA,Emmet 49722,33,0,2026-10-01T16:27:26Z,Michigan,0
7045,35,26,NA,NA,Emmet 49740,4319,0,2026-10-01T16:27:26Z,Michigan,0
7046,35,26,NA,NA,Emmet 49755,735,0,2026-10-01T16:27:26Z,Michigan,0
7047,35,26,NA,NA,Emmet 49769,378,0,2026-10-01T16:27:26Z,Michigan,0
7048,35,26,NA,NA,Emmet 49770,5640,0,2026-10-01T16:27:26Z,Michigan,0
7049,35,26,NA,NA,Grand Traverse 49633,665,3,2026-10-01T16:27:26Z,Michigan,0.4511278195488722
7050,35,26,NA,NA,Grand Traverse 49680,3,0,2026-10-01T16:27:26Z,Michigan,0
7051,35,26,NA,NA,Grand Traverse 49686,1,0,2026-10-01T16:27:26Z,Michigan,0
7052,35,26,NA,NA,Kalkaska 49612,242,0,2026-10-01T16:27:26Z,Michigan,0
7053,35,26,NA,NA,Kalkaska 49633,1939,0,2026-10-01T16:27:26Z,Michigan,0
7054,35,26,NA,NA,Kalkaska 49646,4685,0,2026-10-01T16:27:26Z,Michigan,0
7055,35,26,NA,NA,Kalkaska 49659,1370,0,2026-10-01T16:27:26Z,Michigan,0
7056,35,26,NA,NA,Kalkaska 49676,880,0,2026-10-01T16:27:26Z,Michigan,0
7057,35,26,NA,NA,Kalkaska 49680,1182,0,2026-10-01T16:27:26Z,Michigan,0
7058,35,26,NA,NA,Kalkaska 49690,43,0,2026-10-01T16:27:26Z,Michigan,0
7059,35,26,NA,NA,Kalkaska 49733,1,0,2026-10-01T16:27:26Z,Michigan,0
7060,35,26,NA,NA,Kalkaska 49738,293,0,2026-10-01T16:27:26Z,Michigan,0
7061,35,26,NA,NA,Kent 49319,638,0,2026-10-01T16:27:26Z,Michigan,0
7062,35,26,NA,NA,Kent 49326,257,0,2026-10-01T16:27:26Z,Michigan,0
7063,35,26,NA,NA,Kent 49330,319,0,2026-10-01T16:27:26Z,Michigan,0
7064,35,26,NA,NA,Kent 49343,492,0,2026-10-01T16:27:26Z,Michigan,0
7065,35,26,NA,NA,Kent 49347,2,0,2026-10-01T16:27:26Z,Michigan,0
7066,35,26,NA,NA,Lake 49304,4993,0,2026-10-01T16:27:26Z,Michigan,0
7067,35,26,NA,NA,Lake 49309,82,0,2026-10-01T16:27:26Z,Michigan,0
7068,35,26,NA,NA,Lake 49402,373,1,2026-10-01T16:27:26Z,Michigan,0.2680965147453083
7069,35,26,NA,NA,Lake 49623,605,0,2026-10-01T16:27:26Z,Michigan,0
7070,35,26,NA,NA,Lake 49642,541,0,2026-10-01T16:27:26Z,Michigan,0
7071,35,26,NA,NA,Lake 49644,3180,0,2026-10-01T16:27:26Z,Michigan,0
7072,35,26,NA,NA,Lake 49655,120,0,2026-10-01T16:27:26Z,Michigan,0
7073,35,26,NA,NA,Lake 49656,807,0,2026-10-01T16:27:26Z,Michigan,0
7074,35,26,NA,NA,Lake 49677,513,0,2026-10-01T16:27:26Z,Michigan,0
7075,35,26,NA,NA,Lake 49688,70,0,2026-10-01T16:27:26Z,Michigan,0
7076,35,26,NA,NA,Manistee 49411,3,0,2026-10-01T16:27:26Z,Michigan,0
7077,35,26,NA,NA,Manistee 49644,68,0,2026-10-01T16:27:26Z,Michigan,0
7078,35,26,NA,NA,Manistee 49660,279,0,2026-10-01T16:27:26Z,Michigan,0
7079,35,26,NA,NA,Manistee 49689,185,0,2026-10-01T16:27:26Z,Michigan,0
7080,35,26,NA,NA,Mason 49402,769,0,2026-10-01T16:27:26Z,Michigan,0
7081,35,26,NA,NA,Mason 49405,950,0,2026-10-01T16:27:26Z,Michigan,0
7082,35,26,NA,NA,Mason 49410,1260,0,2026-10-01T16:27:26Z,Michigan,0
7083,35,26,NA,NA,Mason 49411,1043,0,2026-10-01T16:27:26Z,Michigan,0
7084,35,26,NA,NA,Mason 49431,1797,0,2026-10-01T16:27:26Z,Michigan,0
7085,35,26,NA,NA,Mason 49449,131,0,2026-10-01T16:27:26Z,Michigan,0
7086,35,26,NA,NA,Mason 49454,1329,0,2026-10-01T16:27:26Z,Michigan,0
7087,35,26,NA,NA,Mason 49458,69,0,2026-10-01T16:27:26Z,Michigan,0
7088,35,26,NA,NA,Mason 49644,7,0,2026-10-01T16:27:26Z,Michigan,0
7089,35,26,NA,NA,Mason 49660,216,0,2026-10-01T16:27:26Z,Michigan,0
7090,35,26,NA,NA,Mecosta 49307,193,0,2026-10-01T16:27:26Z,Michigan,0
7091,35,26,NA,NA,Mecosta 49336,786,0,2026-10-01T16:27:26Z,Michigan,0
7092,35,26,NA,NA,Mecosta 49337,63,0,2026-10-01T16:27:26Z,Michigan,0
7093,35,26,NA,NA,Mecosta 49338,269,0,2026-10-01T16:27:26Z,Michigan,0
7094,35,26,NA,NA,Mecosta 49346,232,0,2026-10-01T16:27:26Z,Michigan,0
7095,35,26,NA,NA,Mecosta 49631,1,0,2026-10-01T16:27:26Z,Michigan,0
7096,35,26,NA,NA,Mecosta 49639,263,0,2026-10-01T16:27:26Z,Michigan,0
7097,35,26,NA,NA,Missaukee 49633,38,0,2026-10-01T16:27:26Z,Michigan,0
7098,35,26,NA,NA,Missaukee 49657,3,0,2026-10-01T16:27:26Z,Michigan,0
7099,35,26,NA,NA,Missaukee 49663,19,0,2026-10-01T16:27:26Z,Michigan,0
7100,35,26,NA,NA,Missaukee 49665,3,0,2026-10-01T16:27:26Z,Michigan,0
7101,35,26,NA,NA,Montcalm 49322,20,0,2026-10-01T16:27:26Z,Michigan,0
7102,35,26,NA,NA,Montcalm 49329,1095,0,2026-10-01T16:27:26Z,Michigan,0
7103,35,26,NA,NA,Montcalm 49336,28,0,2026-10-01T16:27:26Z,Michigan,0
7104,35,26,NA,NA,Montcalm 49337,126,0,2026-10-01T16:27:26Z,Michigan,0
7105,35,26,NA,NA,Montcalm 49339,772,0,2026-10-01T16:27:26Z,Michigan,0
7106,35,26,NA,NA,Montcalm 49347,116,0,2026-10-01T16:27:26Z,Michigan,0
7107,35,26,NA,NA,Montmorency 49709,234,0,2026-10-01T16:27:26Z,Michigan,0
7108,35,26,NA,NA,Montmorency 49751,266,0,2026-10-01T16:27:26Z,Michigan,0
7109,35,26,NA,NA,Montmorency 49756,10,0,2026-10-01T16:27:26Z,Michigan,0
7110,35,26,NA,NA,Muskegon 49303,83,0,2026-10-01T16:27:26Z,Michigan,0
7111,35,26,NA,NA,Muskegon 49318,9,0,2026-10-01T16:27:26Z,Michigan,0
7112,35,26,NA,NA,Muskegon 49330,1,0,2026-10-01T16:27:26Z,Michigan,0
7113,35,26,NA,NA,Muskegon 49404,2,0,2026-10-01T16:27:26Z,Michigan,0
7114,35,26,NA,NA,Muskegon 49437,853,0,2026-10-01T16:27:26Z,Michigan,0
7115,35,26,NA,NA,Muskegon 49442,83,0,2026-10-01T16:27:26Z,Michigan,0
7116,35,26,NA,NA,Muskegon 49448,4,0,2026-10-01T16:27:26Z,Michigan,0
7117,35,26,NA,NA,Muskegon 49451,676,0,2026-10-01T16:27:26Z,Michigan,0
7118,35,26,NA,NA,Newaygo 49307,273,0,2026-10-01T16:27:26Z,Michigan,0
7119,35,26,NA,NA,Newaygo 49309,2181,0,2026-10-01T16:27:26Z,Michigan,0
7120,35,26,NA,NA,Newaygo 49312,289,0,2026-10-01T16:27:26Z,Michigan,0
7121,35,26,NA,NA,Newaygo 49327,317,0,2026-10-01T16:27:26Z,Michigan,0
7122,35,26,NA,NA,Newaygo 49329,11,0,2026-10-01T16:27:26Z,Michigan,0
7123,35,26,NA,NA,Newaygo 49330,46,0,2026-10-01T16:27:26Z,Michigan,0
7124,35,26,NA,NA,Newaygo 49336,19,0,2026-10-01T16:27:26Z,Michigan,0
7125,35,26,NA,NA,Newaygo 49337,2093,0,2026-10-01T16:27:26Z,Michigan,0
7126,35,26,NA,NA,Newaygo 49338,300,0,2026-10-01T16:27:26Z,Michigan,0
7127,35,26,NA,NA,Newaygo 49343,194,0,2026-10-01T16:27:26Z,Michigan,0
7128,35,26,NA,NA,Newaygo 49346,9,0,2026-10-01T16:27:26Z,Michigan,0
7129,35,26,NA,NA,Newaygo 49349,3064,0,2026-10-01T16:27:26Z,Michigan,0
7130,35,26,NA,NA,Newaygo 49412,105,0,2026-10-01T16:27:26Z,Michigan,0
7131,35,26,NA,NA,Newaygo 49421,46,0,2026-10-01T16:27:26Z,Michigan,0
7132,35,26,NA,NA,Newaygo 49459,63,0,2026-10-01T16:27:26Z,Michigan,0
7133,35,26,NA,NA,Newaygo 49677,159,0,2026-10-01T16:27:26Z,Michigan,0
7134,35,26,NA,NA,Oceana 49402,110,0,2026-10-01T16:27:26Z,Michigan,0
7135,35,26,NA,NA,Oceana 49420,2098,0,2026-10-01T16:27:26Z,Michigan,0
7136,35,26,NA,NA,Oceana 49421,1378,0,2026-10-01T16:27:26Z,Michigan,0
7137,35,26,NA,NA,Oceana 49436,2521,0,2026-10-01T16:27:26Z,Michigan,0
7138,35,26,NA,NA,Oceana 49437,659,0,2026-10-01T16:27:26Z,Michigan,0
7139,35,26,NA,NA,Oceana 49446,992,0,2026-10-01T16:27:26Z,Michigan,0
7140,35,26,NA,NA,Oceana 49449,743,0,2026-10-01T16:27:26Z,Michigan,0
7141,35,26,NA,NA,Oceana 49452,524,0,2026-10-01T16:27:26Z,Michigan,0
7142,35,26,NA,NA,Oceana 49455,2258,0,2026-10-01T16:27:26Z,Michigan,0
7143,35,26,NA,NA,Oceana 49459,938,0,2026-10-01T16:27:26Z,Michigan,0
7144,35,26,NA,NA,Osceola 49338,2,0,2026-10-01T16:27:26Z,Michigan,0
7145,35,26,NA,NA,Osceola 49631,1629,0,2026-10-01T16:27:26Z,Michigan,0
7146,35,26,NA,NA,Osceola 49639,812,0,2026-10-01T16:27:26Z,Michigan,0
7147,35,26,NA,NA,Osceola 49655,1716,0,2026-10-01T16:27:26Z,Michigan,0
7148,35,26,NA,NA,Osceola 49665,979,0,2026-10-01T16:27:26Z,Michigan,0
7149,35,26,NA,NA,Osceola 49677,1234,0,2026-10-01T16:27:26Z,Michigan,0
7150,35,26,NA,NA,Osceola 49679,455,0,2026-10-01T16:27:26Z,Michigan,0
7151,35,26,NA,NA,Osceola 49688,562,0,2026-10-01T16:27:26Z,Michigan,0
7152,35,26,NA,NA,Oscoda 48636,284,0,2026-10-01T16:27:26Z,Michigan,0
7153,35,26,NA,NA,Oscoda 48647,32,0,2026-10-01T16:27:26Z,Michigan,0
7154,35,26,NA,NA,Oscoda 49756,437,0,2026-10-01T16:27:26Z,Michigan,0
7155,35,26,NA,NA,Otsego 49730,365,0,2026-10-01T16:27:26Z,Michigan,0
7156,35,26,NA,NA,Otsego 49733,461,0,2026-10-01T16:27:26Z,Michigan,0
7157,35,26,NA,NA,Otsego 49735,8124,0,2026-10-01T16:27:26Z,Michigan,0
7158,35,26,NA,NA,Otsego 49738,27,0,2026-10-01T16:27:26Z,Michigan,0
7159,35,26,NA,NA,Otsego 49751,2037,0,2026-10-01T16:27:26Z,Michigan,0
7160,35,26,NA,NA,Otsego 49795,694,0,2026-10-01T16:27:26Z,Michigan,0
7161,35,26,NA,NA,Ottawa 49401,115,0,2026-10-01T16:27:26Z,Michigan,0
7162,35,26,NA,NA,Ottawa 49404,241,0,2026-10-01T16:27:26Z,Michigan,0
7163,35,26,NA,NA,Ottawa 49423,14,0,2026-10-01T16:27:26Z,Michigan,0
7164,35,26,NA,NA,Ottawa 49424,47,0,2026-10-01T16:27:26Z,Michigan,0
7165,35,26,NA,NA,Ottawa 49426,598,0,2026-10-01T16:27:26Z,Michigan,0
7166,35,26,NA,NA,Ottawa 49448,2,0,2026-10-01T16:27:26Z,Michigan,0
7167,35,26,NA,NA,Ottawa 49460,253,0,2026-10-01T16:27:26Z,Michigan,0
7168,35,26,NA,NA,Ottawa 49464,954,0,2026-10-01T16:27:26Z,Michigan,0
7169,35,26,NA,NA,Wexford 49601,456,0,2026-10-01T16:27:26Z,Michigan,0
7170,35,26,NA,NA,Wexford 49618,21,0,2026-10-01T16:27:26Z,Michigan,0
7171,35,26,NA,NA,Wexford 49633,12,0,2026-10-01T16:27:26Z,Michigan,0
7172,35,26,NA,NA,Wexford 49688,18,0,2026-10-01T16:27:26Z,Michigan,0
350,36,39,1,39001,Adams,22168,0,2026-10-01T16:27:07Z,Ohio,0
351,36,39,3,39003,Allen,49678,1,2026-10-01T16:27:11Z,Ohio,0.002012963484842385
352,36,39,5,39005,Ashland,27565,0,2026-10-01T16:27:11Z,Ohio,0
353,36,39,7,39007,Ashtabula,52818,0,2026-10-01T16:25:33Z,Ohio,0
354,36,39,9,39009,Athens,29249,8,2026-10-01T16:27:08Z,Ohio,0.027351362439741532
355,36,39,11,39011,Auglaize,7982,0,2026-10-01T16:27:11Z,Ohio,0
357,36,39,13,39013,Belmont,32426,3,2026-10-01T16:27:09Z,Ohio,0.009251834947264542
360,36,39,15,39015,Brown,22531,37,2026-10-01T16:27:09Z,Ohio,0.1642181882739337
361,36,39,17,39017,Butler,139774,9,2026-10-01T16:27:09Z,Ohio,0.006438965759010975
362,36,39,19,39019,Carroll,17242,0,2026-10-01T16:27:07Z,Ohio,0
363,36,39,21,39021,Champaign,13455,0,2026-10-01T16:27:09Z,Ohio,0
364,36,39,23,39023,Clark,60356,9,2026-10-01T16:27:09Z,Ohio,0.014911524951951752
365,36,39,25,39025,Clermont,102818,0,2026-10-01T16:27:09Z,Ohio,0
366,36,39,27,39027,Clinton,17781,0,2026-10-01T16:27:09Z,Ohio,0
367,36,39,29,39029,Columbiana,48056,1,2026-10-01T16:27:07Z,Ohio,0.002080905610121525
368,36,39,31,39031,Coshocton,20123,91,2026-10-01T16:27:11Z,Ohio,0.4522188540476072
369,36,39,33,39033,Crawford,16218,1,2026-10-01T16:27:07Z,Ohio,0.006165988407941794
370,36,39,35,39035,Cuyahoga,565550,1810,2026-10-01T16:27:05Z,Ohio,0.32004243656617454
371,36,39,37,39037,Darke,9413,0,2026-10-01T16:27:11Z,Ohio,0
372,36,39,39,39039,Defiance,19146,0,2026-10-01T16:27:10Z,Ohio,0
373,36,39,41,39041,Delaware,97827,3,2026-10-01T16:27:11Z,Ohio,0.003066638044711583
374,36,39,43,39043,Erie,42532,0,2026-10-01T16:27:09Z,Ohio,0
375,36,39,45,39045,Fairfield,74625,7,2026-10-01T16:27:07Z,Ohio,0.009380234505862646
376,36,39,47,39047,Fayette,7519,0,2026-10-01T16:27:09Z,Ohio,0
377,36,39,49,39049,Franklin,584740,427,2026-10-01T16:27:11Z,Ohio,0.07302390806170263
378,36,39,51,39051,Fulton,21283,0,2026-10-01T16:27:09Z,Ohio,0
379,36,39,53,39053,Gallia,15446,17,2026-10-01T16:27:07Z,Ohio,0.1100608571798524
380,36,39,55,39055,Geauga,39960,0,2026-10-01T16:25:33Z,Ohio,0
381,36,39,57,39057,Greene,106808,0,2026-10-01T16:27:09Z,Ohio,0
382,36,39,59,39059,Guernsey,22890,1,2026-10-01T16:27:10Z,Ohio,0.00436871996505024
383,36,39,61,39061,Hamilton,425450,23,2026-10-01T16:27:09Z,Ohio,0.005406040662827595
384,36,39,63,39063,Hancock,37993,0,2026-10-01T16:27:04Z,Ohio,0
385,36,39,65,39065,Hardin,14588,29,2026-10-01T16:27:11Z,Ohio,0.19879352892788593
386,36,39,67,39067,Harrison,9453,9,2026-10-01T16:27:10Z,Ohio,0.0952078705172961
387,36,39,69,39069,Henry,7847,1,2026-10-01T16:27:09Z,Ohio,0.012743723716069836
388,36,39,71,39071,Highland,23375,0,2026-10-01T16:27:09Z,Ohio,0
389,36,39,73,39073,Hocking,17976,0,2026-10-01T16:27:07Z,Ohio,0
390,36,39,75,39075,Holmes,14903,0,2026-10-01T16:27:10Z,Ohio,0
391,36,39,77,39077,Huron,28970,0,2026-10-01T16:27:10Z,Ohio,0
392,36,39,79,39079,Jackson,12973,3,2026-10-01T16:27:07Z,Ohio,0.023124951823017034
393,36,39,81,39081,Jefferson,33855,0,2026-10-01T16:27:07Z,Ohio,0
394,36,39,83,39083,Knox,33707,22,2026-10-01T16:27:11Z,Ohio,0.06526834188744178
395,36,39,85,39085,Lake,104541,7,2026-10-01T16:27:09Z,Ohio,0.006695937479075195
396,36,39,87,39087,Lawrence,29702,1,2026-10-01T16:27:07Z,Ohio,0.003366776648037169
397,36,39,89,39089,Licking,88063,12,2026-10-01T16:27:11Z,Ohio,0.013626608223658063
398,36,39,91,39091,Logan,41797,0,2026-10-01T16:27:11Z,Ohio,0
399,36,39,93,39093,Lorain,133357,0,2026-10-01T16:27:10Z,Ohio,0
400,36,39,95,39095,Lucas,207469,17,2026-10-01T16:27:09Z,Ohio,0.008193995247482757
401,36,39,97,39097,Madison,19592,1,2026-10-01T16:27:09Z,Ohio,0.005104124132298897
402,36,39,99,39099,Mahoning,111867,99,2026-10-01T16:25:33Z,Ohio,0.08849794845664942
403,36,39,101,39101,Marion,32260,1,2026-10-01T16:27:11Z,Ohio,0.0030998140111593306
405,36,39,103,39103,Medina,66532,2,2026-10-01T16:27:09Z,Ohio,0.0030060722659772743
406,36,39,105,39105,Meigs,12551,10,2026-10-01T16:27:07Z,Ohio,0.07967492630069317
407,36,39,111,39111,Monroe,7661,0,2026-10-01T16:27:08Z,Ohio,0
408,36,39,113,39113,Montgomery,280170,19,2026-10-01T16:27:09Z,Ohio,0.006781596887603955
409,36,39,115,39115,Morgan,8630,1,2026-10-01T16:27:10Z,Ohio,0.011587485515643106
410,36,39,117,39117,Morrow,31696,3,2026-10-01T16:27:06Z,Ohio,0.009464916708732963
411,36,39,119,39119,Muskingum,45218,34,2026-10-01T16:27:11Z,Ohio,0.07519129550179132
413,36,39,121,39121,Noble,7348,0,2026-10-01T16:27:10Z,Ohio,0
414,36,39,123,39123,Ottawa,33010,0,2026-10-01T16:25:33Z,Ohio,0
415,36,39,125,39125,Paulding,9868,0,2026-10-01T16:27:08Z,Ohio,0
416,36,39,127,39127,Perry,18460,5,2026-10-01T16:27:11Z,Ohio,0.027085590465872153
417,36,39,129,39129,Pickaway,28883,16,2026-10-01T16:27:09Z,Ohio,0.055395907627324034
418,36,39,131,39131,Pike,15371,1,2026-10-01T16:27:07Z,Ohio,0.006505757595471992
420,36,39,133,39133,Portage,76373,1,2026-10-01T16:25:33Z,Ohio,0.001309363256648292
421,36,39,135,39135,Preble,65032,0,2026-10-01T16:27:09Z,Ohio,0
422,36,39,137,39137,Putnam,16569,0,2026-10-01T16:27:11Z,Ohio,0
423,36,39,139,39139,Richland,56915,2,2026-10-01T16:27:11Z,Ohio,0.0035140121233418254
424,36,39,141,39141,Ross,37676,15,2026-10-01T16:27:09Z,Ohio,0.03981314364582227
425,36,39,143,39143,Sandusky,23759,0,2026-10-01T16:27:07Z,Ohio,0
426,36,39,145,39145,Scioto,37277,1,2026-10-01T16:27:07Z,Ohio,0.0026826193094937898
427,36,39,147,39147,Seneca,27262,0,2026-10-01T16:27:10Z,Ohio,0
428,36,39,151,39151,Stark,180157,18,2026-10-01T16:27:10Z,Ohio,0.009991285378863991
430,36,39,153,39153,Summit,224435,48,2026-10-01T16:27:04Z,Ohio,0.02138703856350391
433,36,39,155,39155,Trumbull,79676,16,2026-10-01T16:25:33Z,Ohio,0.020081329384005222
434,36,39,157,39157,Tuscarawas,40494,1,2026-10-01T16:27:10Z,Ohio,0.0024695016545661086
435,36,39,159,39159,Union,26850,0,2026-10-01T16:27:11Z,Ohio,0
436,36,39,NA,NA,Unknown,9775,0,2026-10-01T16:27:10Z,Ohio,0
437,36,39,161,39161,Van Wert,13816,0,2026-10-01T16:27:11Z,Ohio,0
438,36,39,163,39163,Vinton,7515,2,2026-10-01T16:27:07Z,Ohio,0.02661343978709248
439,36,39,165,39165,Warren,96936,15,2026-10-01T16:27:09Z,Ohio,0.01547412725922258
440,36,39,167,39167,Washington,32734,5,2026-10-01T16:27:08Z,Ohio,0.015274637991079611
441,36,39,169,39169,Wayne,44741,1,2026-10-01T16:27:10Z,Ohio,0.002235086386088822
442,36,39,171,39171,Williams,9440,0,2026-10-01T16:27:21Z,Ohio,0
443,36,39,173,39173,Wood,51141,1,2026-10-01T16:27:09Z,Ohio,0.0019553782679259304
444,36,39,175,39175,Wyandot,9201,0,2026-10-01T16:27:07Z,Ohio,0
893,36,39,107,39107,Mercer,13680,0,2026-10-01T16:27:11Z,Ohio,0
894,36,39,109,39109,Miami,20777,0,2026-10-01T16:27:10Z,Ohio,0
895,36,39,149,39149,Shelby,17993,0,2026-10-01T16:27:11Z,Ohio,0
445,37,37,1,37001,Alamance,92629,5,2026-10-01T16:26:41Z,North Carolina,0.005397877554545552
446,37,37,3,37003,Alexander,19569,0,2026-10-01T16:26:47Z,North Carolina,0
447,37,37,7,37007,Anson,19525,0,2026-10-01T16:25:13Z,North Carolina,0
448,37,37,11,37011,Avery,1339,0,2026-10-01T16:25:13Z,North Carolina,0
449,37,37,13,37013,Beaufort,41770,0,2026-10-01T16:26:36Z,North Carolina,0
450,37,37,17,37017,Bladen,10854,6,2026-10-01T16:25:13Z,North Carolina,0.055279159756771695
451,37,37,19,37019,Brunswick,25461,1,2026-10-01T16:26:36Z,North Carolina,0.003927575507639135
452,37,37,21,37021,Buncombe,164520,20,2026-10-01T16:25:20Z,North Carolina,0.012156576707999028
453,37,37,23,37023,Burke,49272,1,2026-10-01T16:26:36Z,North Carolina,0.0020295502516642313
454,37,37,25,37025,Cabarrus,81835,0,2026-10-01T16:26:47Z,North Carolina,0
455,37,37,27,37027,Caldwell,28639,9,2026-10-01T16:26:47Z,North Carolina,0.031425678270889344
456,37,37,31,37031,Carteret,57231,3,2026-10-01T16:26:40Z,North Carolina,0.005241914347119568
457,37,37,33,37033,Caswell,13170,1,2026-10-01T16:26:39Z,North Carolina,0.007593014426727411
458,37,37,35,37035,Catawba,90935,1,2026-10-01T16:26:47Z,North Carolina,0.001099686589322043
459,37,37,37,37037,Chatham,48887,0,2026-10-01T16:26:41Z,North Carolina,0
460,37,37,39,37039,Cherokee,18283,9,2026-10-01T16:25:25Z,North Carolina,0.049226056992834874
461,37,37,43,37043,Clay,10032,0,2026-10-01T16:25:25Z,North Carolina,0
462,37,37,45,37045,Cleveland,47443,1,2026-10-01T16:26:34Z,North Carolina,0.0021077925089054233
463,37,37,47,37047,Columbus,17039,0,2026-10-01T16:25:13Z,North Carolina,0
464,37,37,49,37049,Craven,39231,0,2026-10-01T16:25:13Z,North Carolina,0
465,37,37,51,37051,Cumberland,142604,4,2026-10-01T16:26:44Z,North Carolina,0.0028049704075622
466,37,37,57,37057,Davidson,89757,2,2026-10-01T16:26:47Z,North Carolina,0.00222823846608064
467,37,37,59,37059,Davie,24582,5,2026-10-01T16:26:47Z,North Carolina,0.020340086241965667
468,37,37,61,37061,Duplin,21342,0,2026-10-01T16:26:39Z,North Carolina,0
469,37,37,63,37063,Durham,179699,9,2026-10-01T16:26:46Z,North Carolina,0.005008375116166478
470,37,37,65,37065,Edgecombe,48856,2,2026-10-01T16:26:39Z,North Carolina,0.0040936630096610445
471,37,37,67,37067,Forsyth,197077,2,2026-10-01T16:26:47Z,North Carolina,0.0010148317662639476
472,37,37,69,37069,Franklin,40864,6,2026-10-01T16:26:46Z,North Carolina,0.014682850430696948
473,37,37,71,37071,Gaston,128550,46,2026-10-01T16:26:47Z,North Carolina,0.035783741734733567
474,37,37,75,37075,Graham,6543,12,2026-10-01T16:25:13Z,North Carolina,0.18340210912425492
475,37,37,77,37077,Granville,29728,0,2026-10-01T16:26:46Z,North Carolina,0
476,37,37,79,37079,Greene,3551,0,2026-10-01T16:26:36Z,North Carolina,0
477,37,37,81,37081,Guilford,279361,6,2026-10-01T16:26:47Z,North Carolina,0.0021477586348846115
478,37,37,83,37083,Halifax,31460,4,2026-10-01T16:26:45Z,North Carolina,0.012714558169103624
479,37,37,85,37085,Harnett,79428,2,2026-10-01T16:25:13Z,North Carolina,0.0025180037266455155
480,37,37,87,37087,Haywood,43902,17,2026-10-01T16:26:36Z,North Carolina,0.03872260944831671
481,37,37,89,37089,Henderson,72007,1,2026-10-01T16:25:13Z,North Carolina,0.001388753871151416
482,37,37,93,37093,Hoke,5921,0,2026-10-01T16:25:13Z,North Carolina,0
483,37,37,97,37097,Iredell,110081,0,2026-10-01T16:26:47Z,North Carolina,0
484,37,37,99,37099,Jackson,34727,12,2026-10-01T16:26:36Z,North Carolina,0.03455524519826072
485,37,37,101,37101,Johnston,120396,910,2026-10-01T16:26:46Z,North Carolina,0.7558390644207449
486,37,37,103,37103,Jones,2681,0,2026-10-01T16:26:39Z,North Carolina,0
487,37,37,105,37105,Lee,35593,2,2026-10-01T16:25:13Z,North Carolina,0.005619082403843453
488,37,37,107,37107,Lenoir,29106,0,2026-10-01T16:26:39Z,North Carolina,0
489,37,37,109,37109,Lincoln,45710,2,2026-10-01T16:26:47Z,North Carolina,0.004375410194705754
490,37,37,113,37113,Macon,30070,0,2026-10-01T16:25:25Z,North Carolina,0
491,37,37,115,37115,Madison,15530,8,2026-10-01T16:26:49Z,North Carolina,0.051513200257566005
492,37,37,111,37111,Mcdowell,29189,0,2026-10-01T16:25:13Z,North Carolina,0
493,37,37,119,37119,Mecklenburg,671347,33,2026-10-01T16:26:47Z,North Carolina,0.00491549079686064
494,37,37,121,37121,Mitchell,11756,5,2026-10-01T16:26:49Z,North Carolina,0.042531473290234774
495,37,37,123,37123,Montgomery,21259,0,2026-10-01T16:26:47Z,North Carolina,0
496,37,37,125,37125,Moore,67601,13,2026-10-01T16:26:41Z,North Carolina,0.01923048475614266
497,37,37,127,37127,Nash,28847,2,2026-10-01T16:26:46Z,North Carolina,0.00693312996152113
498,37,37,129,37129,New Hanover,149529,29,2026-10-01T16:25:13Z,North Carolina,0.01939423121936213
499,37,37,133,37133,Onslow,27696,0,2026-10-01T16:25:13Z,North Carolina,0
500,37,37,135,37135,Orange,74207,8,2026-10-01T16:26:39Z,North Carolina,0.0107806541161885
501,37,37,137,37137,Pamlico,15979,0,2026-10-01T16:25:13Z,North Carolina,0
502,37,37,141,37141,Pender,23689,0,2026-10-01T16:25:13Z,North Carolina,0
503,37,37,145,37145,Person,22194,0,2026-10-01T16:26:39Z,North Carolina,0
504,37,37,147,37147,Pitt,85705,0,2026-10-01T16:26:50Z,North Carolina,0
505,37,37,149,37149,Polk,17090,0,2026-10-01T16:26:34Z,North Carolina,0
506,37,37,151,37151,Randolph,76138,124,2026-10-01T16:26:47Z,North Carolina,0.162862171320497
507,37,37,153,37153,Richmond,29908,5,2026-10-01T16:26:41Z,North Carolina,0.01671793500066872
508,37,37,155,37155,Robeson,38970,5,2026-10-01T16:26:36Z,North Carolina,0.012830382345393894
509,37,37,157,37157,Rockingham,53142,1,2026-10-01T16:26:47Z,North Carolina,0.001881750780926574
510,37,37,159,37159,Rowan,80540,9,2026-10-01T16:26:47Z,North Carolina,0.011174571641420411
511,37,37,161,37161,Rutherford,46335,74,2026-10-01T16:26:36Z,North Carolina,0.1597064853782238
512,37,37,163,37163,Sampson,40227,0,2026-10-01T16:26:39Z,North Carolina,0
513,37,37,165,37165,Scotland,16426,0,2026-10-01T16:26:36Z,North Carolina,0
514,37,37,167,37167,Stanly,33700,3,2026-10-01T16:25:13Z,North Carolina,0.008902077151335312
515,37,37,169,37169,Stokes,26717,0,2026-10-01T16:26:47Z,North Carolina,0
516,37,37,171,37171,Surry,41110,0,2026-10-01T16:26:45Z,North Carolina,0
517,37,37,173,37173,Swain,12476,0,2026-10-01T16:25:13Z,North Carolina,0
518,37,37,175,37175,Transylvania,24308,183,2026-10-01T16:25:20Z,North Carolina,0.7528385716636499
519,37,37,179,37179,Union,101395,8,2026-10-01T16:26:38Z,North Carolina,0.007889935401153902
520,37,37,NA,NA,Unknown,11637,0,2026-10-01T16:25:20Z,North Carolina,0
521,37,37,181,37181,Vance,22961,5,2026-10-01T16:26:46Z,North Carolina,0.021776055049867165
522,37,37,183,37183,Wake,585259,116,2026-10-01T16:26:46Z,North Carolina,0.019820284694468605
523,37,37,185,37185,Warren,15770,5,2026-10-01T16:25:17Z,North Carolina,0.03170577045022194
524,37,37,191,37191,Wayne,62067,130,2026-10-01T16:26:39Z,North Carolina,0.20945107706188473
525,37,37,193,37193,Wilkes,36521,1,2026-10-01T16:26:47Z,North Carolina,0.002738150653048931
526,37,37,195,37195,Wilson,15418,0,2026-10-01T16:26:39Z,North Carolina,0
527,37,37,197,37197,Yadkin,22025,0,2026-10-01T16:26:47Z,North Carolina,0
528,37,37,199,37199,Yancey,13865,1,2026-10-01T16:26:49Z,North Carolina,0.00721240533717995
1221,37,37,5,37005,Alleghany,1,0,2026-10-01T16:25:16Z,North Carolina,0
1222,37,37,9,37009,Ashe,0,0,2026-04-13T17:35:39Z,North Carolina,NA
1225,37,37,189,37189,Watauga,9029,0,2026-10-01T16:26:36Z,North Carolina,0
1226,37,37,91,37091,Hertford,11272,0,2026-10-01T16:25:17Z,North Carolina,0
1231,37,37,15,37015,Bertie,12189,4,2026-10-01T16:26:42Z,North Carolina,0.03281647386988268
1235,37,37,131,37131,Northampton,11183,0,2026-10-01T16:25:17Z,North Carolina,0
1286,37,37,73,37073,Gates,8047,0,2026-10-01T16:25:17Z,North Carolina,0
1319,37,37,117,37117,Martin,15519,0,2026-10-01T16:26:36Z,North Carolina,0
1677,37,37,55,37055,Dare,43897,0,2026-10-01T16:26:38Z,North Carolina,0
1678,37,37,143,37143,Perquimans,7793,0,2026-10-01T16:26:40Z,North Carolina,0
1857,37,37,95,37095,Hyde,7694,6,2026-10-01T16:26:43Z,North Carolina,0.07798284377436965
1968,37,37,41,37041,Chowan,8553,0,2026-10-01T16:26:40Z,North Carolina,0
2228,37,37,187,37187,Washington,7557,0,2026-10-01T16:25:17Z,North Carolina,0
3121,37,37,29,37029,Camden,5449,0,2026-10-01T16:26:40Z,North Carolina,0
3122,37,37,53,37053,Currituck,21751,3,2026-10-01T16:26:40Z,North Carolina,0.01379246931175578
3123,37,37,139,37139,Pasquotank,7198,0,2026-10-01T16:26:40Z,North Carolina,0
3124,37,37,177,37177,Tyrrell,2473,0,2026-10-01T16:25:17Z,North Carolina,0
6134,37,37,NA,NA,E001,0,0,2025-08-25T17:12:37Z,North Carolina,NA
529,38,45,1,45001,Abbeville,22835,0,2026-10-01T16:26:36Z,South Carolina,0
530,38,45,3,45003,Aiken,104109,3,2026-10-01T16:26:09Z,South Carolina,0.002881595251131026
531,38,45,5,45005,Allendale,5181,0,2026-10-01T16:26:12Z,South Carolina,0
532,38,45,7,45007,Anderson,133863,10,2026-10-01T16:26:10Z,South Carolina,0.007470324137364321
533,38,45,9,45009,Bamberg,9184,2,2026-10-01T16:26:36Z,South Carolina,0.02177700348432056
534,38,45,11,45011,Barnwell,12664,0,2026-10-01T16:26:12Z,South Carolina,0
535,38,45,13,45013,Beaufort,170928,10,2026-10-01T16:25:17Z,South Carolina,0.005850416549658336
536,38,45,15,45015,Berkeley,136919,2,2026-10-01T16:26:34Z,South Carolina,0.0014607176505817307
537,38,45,17,45017,Calhoun,9518,0,2026-10-01T16:26:09Z,South Carolina,0
538,38,45,19,45019,Charleston,254440,6,2026-10-01T16:26:34Z,South Carolina,0.0023581197924854584
539,38,45,21,45021,Cherokee,30180,0,2026-10-01T16:26:35Z,South Carolina,0
540,38,45,23,45023,Chester,22741,2,2026-10-01T16:26:33Z,South Carolina,0.0087946880084429
541,38,45,25,45025,Chesterfield,19994,0,2026-10-01T16:26:35Z,South Carolina,0
542,38,45,27,45027,Clarendon,24740,0,2026-10-01T16:25:13Z,South Carolina,0
543,38,45,29,45029,Colleton,25934,1,2026-10-01T16:26:12Z,South Carolina,0.00385594200663222
544,38,45,31,45031,Darlington,35371,0,2026-10-01T16:26:35Z,South Carolina,0
545,38,45,33,45033,Dillon,15254,3,2026-10-01T16:26:35Z,South Carolina,0.019666972597351513
546,38,45,35,45035,Dorchester,86123,54,2026-10-01T16:26:34Z,South Carolina,0.0627010206332803
547,38,45,37,45037,Edgefield,15331,0,2026-10-01T16:26:09Z,South Carolina,0
548,38,45,39,45039,Fairfield,17866,4,2026-10-01T16:25:17Z,South Carolina,0.022388895108026417
549,38,45,41,45041,Florence,80690,0,2026-10-01T16:26:35Z,South Carolina,0
550,38,45,43,45043,Georgetown,48904,3,2026-10-01T16:26:10Z,South Carolina,0.006134467528218551
551,38,45,45,45045,Greenville,313463,14,2026-10-01T16:26:36Z,South Carolina,0.004466236844539866
552,38,45,47,45047,Greenwood,27691,0,2026-10-01T16:25:17Z,South Carolina,0
553,38,45,49,45049,Hampton,13901,0,2026-10-01T16:26:12Z,South Carolina,0
554,38,45,51,45051,Horry,261408,12,2026-10-01T16:26:08Z,South Carolina,0.004590525156077855
555,38,45,53,45053,Jasper,23652,3,2026-10-01T16:25:17Z,South Carolina,0.012683916793505834
556,38,45,55,45055,Kershaw,36235,0,2026-10-01T16:26:36Z,South Carolina,0
557,38,45,57,45057,Lancaster,56109,0,2026-10-01T16:26:33Z,South Carolina,0
558,38,45,59,45059,Laurens,39796,0,2026-10-01T16:26:36Z,South Carolina,0
559,38,45,61,45061,Lee,8156,5,2026-10-01T16:26:35Z,South Carolina,0.061304561059342816
560,38,45,63,45063,Lexington,162726,2,2026-10-01T16:26:09Z,South Carolina,0.0012290598920885415
561,38,45,67,45067,Marion,18238,0,2026-10-01T16:26:35Z,South Carolina,0
562,38,45,69,45069,Marlboro,13929,1,2026-10-01T16:26:36Z,South Carolina,0.007179266278986287
563,38,45,65,45065,Mccormick,11559,0,2026-10-01T16:26:09Z,South Carolina,0
564,38,45,71,45071,Newberry,16849,0,2026-10-01T16:26:34Z,South Carolina,0
565,38,45,73,45073,Oconee,68293,14,2026-10-01T16:26:36Z,South Carolina,0.02049990482187047
566,38,45,75,45075,Orangeburg,37357,0,2026-10-01T16:26:12Z,South Carolina,0
567,38,45,77,45077,Pickens,90002,10,2026-10-01T16:26:10Z,South Carolina,0.01111086420301771
568,38,45,79,45079,Richland,216688,15,2026-10-01T16:25:17Z,South Carolina,0.006922395333382559
569,38,45,81,45081,Saluda,15300,0,2026-10-01T16:26:09Z,South Carolina,0
570,38,45,83,45083,Spartanburg,186386,1,2026-10-01T16:26:34Z,South Carolina,5.365209833356583e-4
571,38,45,85,45085,Sumter,38719,3,2026-10-01T16:25:13Z,South Carolina,0.007748133991063819
572,38,45,87,45087,Union,12254,0,2026-10-01T16:26:36Z,South Carolina,0
573,38,45,89,45089,Williamsburg,21113,0,2026-10-01T16:25:13Z,South Carolina,0
574,38,45,91,45091,York,145387,23,2026-10-01T16:26:35Z,South Carolina,0.01581984634114467
3568,38,45,NA,NA,Unknown,32620,0,2026-10-01T16:25:13Z,South Carolina,0
6804,38,45,NA,NA,Transylvania,1,0,2025-10-22T14:16:49Z,South Carolina,0
575,39,51,3,51003,Albemarle,60384,1,2026-10-01T16:25:17Z,Virginia,0.0016560678325384208
577,39,51,9,51009,Amherst,16729,0,2026-10-01T16:25:17Z,Virginia,0
578,39,51,11,51011,Appomattox,9132,0,2026-10-01T16:25:17Z,Virginia,0
579,39,51,15,51015,Augusta,39945,4,2026-10-01T16:25:17Z,Virginia,0.010013768932281886
580,39,51,19,51019,Bedford,39681,0,2026-10-01T16:25:17Z,Virginia,0
581,39,51,21,51021,Bland,4009,0,2026-10-01T16:25:16Z,Virginia,0
582,39,51,23,51023,Botetourt,18613,1,2026-10-01T16:25:17Z,Virginia,0.005372589050663515
583,39,51,27,51027,Buchanan,11578,1,2026-10-01T16:25:16Z,Virginia,0.008637070305752288
584,39,51,29,51029,Buckingham,8845,0,2026-10-01T16:25:17Z,Virginia,0
585,39,51,31,51031,Campbell,31176,0,2026-10-01T16:25:17Z,Virginia,0
586,39,51,33,51033,Caroline,15984,1,2026-10-01T16:25:17Z,Virginia,0.006256256256256256
587,39,51,35,51035,Carroll,19339,21,2026-10-01T16:25:16Z,Virginia,0.10858886188530947
588,39,51,41,51041,Chesterfield,173919,2,2026-10-01T16:25:17Z,Virginia,0.0011499606138489758
589,39,51,43,51043,Clarke,8847,0,2026-10-01T16:25:17Z,Virginia,0
590,39,51,45,51045,Craig,3285,0,2026-10-01T16:25:16Z,Virginia,0
591,39,51,47,51047,Culpeper,18986,2,2026-10-01T16:25:17Z,Virginia,0.010534077741493732
592,39,51,49,51049,Cumberland,5848,0,2026-10-01T16:25:17Z,Virginia,0
593,39,51,590,51590,Danville,18522,2,2026-10-01T16:25:16Z,Virginia,0.010797969981643452
594,39,51,51,51051,Dickenson,8604,0,2026-10-01T16:25:19Z,Virginia,0
595,39,51,57,51057,Essex,7406,0,2026-10-01T16:25:17Z,Virginia,0
596,39,51,59,51059,Fairfax,442987,54,2026-10-01T16:25:17Z,Virginia,0.012189973972148167
597,39,51,61,51061,Fauquier,36077,2,2026-10-01T16:25:17Z,Virginia,0.005543698201069934
598,39,51,63,51063,Floyd,10062,66,2026-10-01T16:25:16Z,Virginia,0.655933214072749
599,39,51,65,51065,Fluvanna,13885,0,2026-10-01T16:25:17Z,Virginia,0
600,39,51,67,51067,Franklin,33742,1,2026-10-01T16:25:16Z,Virginia,0.0029636654614427125
601,39,51,69,51069,Frederick,46339,0,2026-10-01T16:21:29Z,Virginia,0
602,39,51,640,51640,Galax,3790,0,2026-10-01T16:25:16Z,Virginia,0
603,39,51,71,51071,Giles,9878,0,2026-10-01T16:25:16Z,Virginia,0
604,39,51,75,51075,Goochland,16251,0,2026-10-01T16:25:17Z,Virginia,0
605,39,51,77,51077,Grayson,10702,0,2026-10-01T16:25:16Z,Virginia,0
606,39,51,79,51079,Greene,11212,0,2026-10-01T16:25:17Z,Virginia,0
607,39,51,85,51085,Hanover,62823,6,2026-10-01T16:25:17Z,Virginia,0.009550642280693376
608,39,51,89,51089,Henry,36307,1,2026-10-01T16:26:36Z,Virginia,0.002754289806373427
609,39,51,91,51091,Highland,2393,0,2026-10-01T16:21:27Z,Virginia,0
611,39,51,101,51101,King William,14852,2,2026-10-01T16:25:17Z,Virginia,0.013466199838405602
612,39,51,107,51107,Loudoun,172569,3,2026-10-01T16:25:17Z,Virginia,0.0017384350607583055
613,39,51,109,51109,Louisa,37218,0,2026-10-01T16:25:17Z,Virginia,0
614,39,51,111,51111,Lunenburg,6923,0,2026-10-01T16:25:17Z,Virginia,0
615,39,51,680,51680,Lynchburg,40405,0,2026-10-01T16:25:16Z,Virginia,0
616,39,51,113,51113,Madison,8183,0,2026-10-01T16:25:17Z,Virginia,0
617,39,51,685,51685,Manassas Park,6327,0,2026-10-01T16:21:28Z,Virginia,0
618,39,51,690,51690,Martinsville,17,0,2026-10-01T16:25:16Z,Virginia,0
620,39,51,121,51121,Montgomery,42769,5,2026-10-01T16:25:16Z,Virginia,0.01169071056138792
621,39,51,125,51125,Nelson,12125,1,2026-10-01T16:25:17Z,Virginia,0.008247422680412371
622,39,51,137,51137,Orange,33456,60,2026-10-01T16:25:17Z,Virginia,0.1793400286944046
623,39,51,139,51139,Page,14937,0,2026-10-01T16:25:17Z,Virginia,0
624,39,51,141,51141,Patrick,12363,1,2026-10-01T16:25:16Z,Virginia,0.00808865162177465
625,39,51,143,51143,Pittsylvania,39126,3,2026-10-01T16:25:17Z,Virginia,0.007667535654040791
626,39,51,145,51145,Powhatan,15228,0,2026-10-01T16:25:17Z,Virginia,0
627,39,51,147,51147,Prince Edward,11602,0,2026-10-01T16:25:17Z,Virginia,0
628,39,51,153,51153,Prince William,179437,47,2026-10-01T16:25:17Z,Virginia,0.0261930371105179
629,39,51,155,51155,Pulaski,19602,0,2026-10-01T16:25:16Z,Virginia,0
630,39,51,750,51750,Radford,266,0,2026-10-01T16:25:16Z,Virginia,0
631,39,51,157,51157,Rappahannock,5402,0,2026-10-01T16:21:29Z,Virginia,0
632,39,51,161,51161,Roanoke,47165,16,2026-10-01T16:25:16Z,Virginia,0.03392346019293968
633,39,51,770,51770,Roanoke City,51181,39,2026-10-01T16:25:16Z,Virginia,0.0762001524003048
634,39,51,163,51163,Rockbridge,13961,0,2026-10-01T16:25:17Z,Virginia,0
635,39,51,165,51165,Rockingham,44638,1,2026-10-01T16:25:17Z,Virginia,0.0022402437385187508
636,39,51,167,51167,Russell,15895,6,2026-10-01T16:25:19Z,Virginia,0.03774771940861906
637,39,51,775,51775,Salem,34,0,2026-10-01T16:25:16Z,Virginia,0
638,39,51,169,51169,Scott,14622,1,2026-10-01T16:25:19Z,Virginia,0.00683900971139379
639,39,51,171,51171,Shenandoah,26186,1,2026-10-01T16:25:17Z,Virginia,0.0038188344917131287
640,39,51,173,51173,Smyth,17155,19,2026-10-01T16:25:16Z,Virginia,0.11075488195861265
641,39,51,177,51177,Spotsylvania,94375,185,2026-10-01T16:25:17Z,Virginia,0.19602649006622516
642,39,51,179,51179,Stafford,63055,2,2026-10-01T16:25:17Z,Virginia,0.0031718341130758864
643,39,51,185,51185,Tazewell,20727,1,2026-10-01T16:25:16Z,Virginia,0.004824624885415159
644,39,51,NA,NA,Unknown,495,0,2026-10-01T16:21:27Z,Virginia,0
645,39,51,187,51187,Warren,42697,0,2026-10-01T16:26:36Z,Virginia,0
646,39,51,191,51191,Washington,24509,1,2026-10-01T16:25:16Z,Virginia,0.004080133828389571
647,39,51,840,51840,Winchester,15636,0,2026-10-01T16:21:29Z,Virginia,0
648,39,51,195,51195,Wise,23254,1,2026-10-01T16:25:19Z,Virginia,0.004300335426163241
649,39,51,197,51197,Wythe,17397,80,2026-10-01T16:25:16Z,Virginia,0.45984939932172214
903,39,51,25,51025,Brunswick,9295,0,2026-10-01T16:25:17Z,Virginia,0
917,39,51,117,51117,Mecklenburg,22409,0,2026-10-01T16:25:17Z,Virginia,0
939,39,51,133,51133,Northumberland,11603,0,2026-10-01T16:25:17Z,Virginia,0
981,39,51,37,51037,Charlotte,7185,0,2026-10-01T16:25:17Z,Virginia,0
988,39,51,17,51017,Bath,4059,0,2026-10-01T16:25:17Z,Virginia,0
1008,39,51,83,51083,Halifax,20150,0,2026-10-01T16:25:17Z,Virginia,0
1015,39,51,159,51159,Richmond,4824,0,2026-10-01T16:25:17Z,Virginia,0
1016,39,51,105,51105,Lee,13970,0,2026-10-01T16:25:19Z,Virginia,0
1024,39,51,99,51099,King George,12784,0,2026-10-01T16:25:17Z,Virginia,0
1030,39,51,135,51135,Nottoway,6073,30,2026-10-01T16:25:17Z,Virginia,0.49398979087765515
1032,39,51,53,51053,Dinwiddie,14038,5,2026-10-01T16:25:17Z,Virginia,0.03561760934606069
1044,39,51,183,51183,Sussex,5167,0,2026-10-01T16:25:17Z,Virginia,0
1081,39,51,81,51081,Greensville,4493,0,2026-10-01T16:25:17Z,Virginia,0
1093,39,51,7,51007,Amelia,7322,0,2026-10-01T16:25:17Z,Virginia,0
1114,39,51,103,51103,Lancaster,9479,0,2026-10-01T16:25:17Z,Virginia,0
1115,39,51,193,51193,Westmoreland,13958,1,2026-10-01T16:25:17Z,Virginia,0.007164350193437455
1160,39,51,730,51730,Petersburg,19914,0,2026-10-01T16:25:17Z,Virginia,0
1161,39,51,149,51149,Prince George,14600,0,2026-10-01T16:25:17Z,Virginia,0
1184,39,51,5,51005,Alleghany,9299,3,2026-10-01T16:25:17Z,Virginia,0.032261533498225616
1186,39,51,595,51595,Emporia,3070,0,2026-10-01T16:25:17Z,Virginia,0
1187,39,51,175,51175,Southampton,8766,0,2026-10-01T16:25:17Z,Virginia,0
3113,39,51,1,51001,Accomack,27480,7,2026-10-01T16:21:30Z,Virginia,0.025473071324599708
3114,39,51,93,51093,Isle Of Wight,20522,0,2026-10-01T16:25:17Z,Virginia,0
3115,39,51,131,51131,Northampton,10206,3,2026-10-01T16:21:31Z,Virginia,0.029394473838918283
3116,39,51,800,51800,Suffolk,48377,0,2026-10-01T16:25:17Z,Virginia,0
3117,39,51,181,51181,Surry,4276,0,2026-10-01T16:25:17Z,Virginia,0
3125,39,51,510,51510,Alexandria,71505,0,2026-10-01T16:25:17Z,Virginia,0
3126,39,51,13,51013,Arlington,104654,380,2026-10-01T16:25:17Z,Virginia,0.363101267032316
3127,39,51,530,51530,Buena Vista,3378,0,2026-10-01T16:25:17Z,Virginia,0
3128,39,51,36,51036,Charles City,4168,0,2026-10-01T16:25:17Z,Virginia,0
3129,39,51,540,51540,Charlottesville,24748,0,2026-10-01T16:25:17Z,Virginia,0
3130,39,51,550,51550,Chesapeake,109318,0,2026-10-01T16:25:17Z,Virginia,0
3131,39,51,570,51570,Colonial Heights,9031,0,2026-10-01T16:25:17Z,Virginia,0
3132,39,51,580,51580,Covington,3401,13,2026-10-01T16:25:17Z,Virginia,0.38224051749485444
3133,39,51,600,51600,Fairfax City,12285,3,2026-10-01T16:25:17Z,Virginia,0.02442002442002442
3134,39,51,610,51610,Falls Church,7594,0,2026-10-01T16:25:17Z,Virginia,0
3135,39,51,620,51620,Franklin City,4,0,2026-10-01T16:25:17Z,Virginia,0
3136,39,51,630,51630,Fredericksburg,15753,0,2026-10-01T16:25:17Z,Virginia,0
3137,39,51,73,51073,Gloucester,20950,0,2026-10-01T16:25:17Z,Virginia,0
3138,39,51,650,51650,Hampton,66577,1,2026-10-01T16:25:17Z,Virginia,0.0015020202171921234
3139,39,51,660,51660,Harrisonburg,10,0,2026-10-01T16:25:17Z,Virginia,0
3140,39,51,87,51087,Henrico,163722,19,2026-10-01T16:25:17Z,Virginia,0.011605037807991596
3141,39,51,670,51670,Hopewell,10995,0,2026-10-01T16:25:17Z,Virginia,0
3142,39,51,95,51095,James City,41016,0,2026-10-01T16:25:17Z,Virginia,0
3143,39,51,97,51097,King And Queen,4426,1,2026-10-01T16:25:17Z,Virginia,0.022593764121102578
3144,39,51,678,51678,Lexington,2987,0,2026-10-01T16:25:17Z,Virginia,0
3145,39,51,683,51683,Manassas City,16950,0,2026-10-01T16:25:17Z,Virginia,0
3146,39,51,115,51115,Mathews,6928,0,2026-10-01T16:25:17Z,Virginia,0
3147,39,51,119,51119,Middlesex,10432,0,2026-10-01T16:25:17Z,Virginia,0
3148,39,51,127,51127,New Kent,13160,0,2026-10-01T16:25:17Z,Virginia,0
3149,39,51,700,51700,Newport News,85470,2,2026-10-01T16:25:17Z,Virginia,0.00234000234000234
3150,39,51,710,51710,Norfolk,104672,1,2026-10-01T16:25:17Z,Virginia,9.553653317028432e-4
3151,39,51,735,51735,Poquoson City,6146,0,2026-10-01T16:25:17Z,Virginia,0
3152,39,51,740,51740,Portsmouth,45951,0,2026-10-01T16:25:17Z,Virginia,0
3153,39,51,760,51760,Richmond City,128302,180,2026-10-01T16:25:17Z,Virginia,0.1402939938582407
3154,39,51,790,51790,Staunton,13844,0,2026-10-01T16:25:17Z,Virginia,0
3155,39,51,810,51810,Virginia Beach,207594,16,2026-10-01T16:25:17Z,Virginia,0.007707351850246153
3156,39,51,820,51820,Waynesboro,12524,0,2026-10-01T16:25:17Z,Virginia,0
3157,39,51,830,51830,Williamsburg,7474,0,2026-10-01T16:25:17Z,Virginia,0
3158,39,51,199,51199,York,33485,0,2026-10-01T16:25:17Z,Virginia,0
4461,39,51,520,51520,Bristol,7539,0,2026-05-12T15:51:46Z,Virginia,0
5668,39,51,720,51720,Norton,0,0,2023-11-15T19:30:50Z,Virginia,NA
6042,39,51,NA,NA,Monroe,0,0,2024-02-13T18:35:59Z,Virginia,NA
651,40,54,1,54001,Barbour,6641,0,2026-10-01T16:25:32Z,West Virginia,0
652,40,54,3,54003,Berkeley,58447,0,2026-10-01T16:25:32Z,West Virginia,0
653,40,54,5,54005,Boone,10923,1,2026-10-01T16:25:16Z,West Virginia,0.009154994049253868
655,40,54,7,54007,Braxton,7895,0,2026-10-01T16:25:32Z,West Virginia,0
656,40,54,9,54009,Brooke,11545,0,2026-10-01T16:25:32Z,West Virginia,0
657,40,54,11,54011,Cabell,49396,11,2026-10-01T16:25:16Z,West Virginia,0.022269009636407808
658,40,54,13,54013,Calhoun,4403,0,2026-10-01T16:25:32Z,West Virginia,0
659,40,54,15,54015,Clay,3855,1,2026-10-01T16:25:32Z,West Virginia,0.02594033722438392
661,40,54,17,54017,Doddridge,4435,0,2026-10-01T16:25:32Z,West Virginia,0
662,40,54,19,54019,Fayette,22645,1,2026-10-01T16:25:16Z,West Virginia,0.00441598586884522
664,40,54,21,54021,Gilmer,4052,0,2026-10-01T16:25:32Z,West Virginia,0
665,40,54,23,54023,Grant,8318,0,2026-10-01T16:25:32Z,West Virginia,0
666,40,54,25,54025,Greenbrier,23056,2,2026-10-01T16:25:32Z,West Virginia,0.008674531575294934
667,40,54,27,54027,Hampshire,16838,1,2026-10-01T16:25:32Z,West Virginia,0.005938947618482004
668,40,54,29,54029,Hancock,15984,0,2026-10-01T16:25:32Z,West Virginia,0
669,40,54,31,54031,Hardy,10496,0,2026-10-01T16:25:32Z,West Virginia,0
670,40,54,33,54033,Harrison,36630,0,2026-10-01T16:25:32Z,West Virginia,0
671,40,54,35,54035,Jackson,16278,1,2026-10-01T16:25:32Z,West Virginia,0.006143260842855388
672,40,54,37,54037,Jefferson,32184,9,2026-10-01T16:25:32Z,West Virginia,0.02796420581655481
673,40,54,39,54039,Kanawha,95527,95,2026-10-01T16:25:16Z,West Virginia,0.09944832351063052
674,40,54,41,54041,Lewis,9936,0,2026-10-01T16:25:32Z,West Virginia,0
675,40,54,43,54043,Lincoln,10817,15,2026-10-01T16:25:16Z,West Virginia,0.13867061107515946
676,40,54,45,54045,Logan,17047,1,2026-10-01T16:25:16Z,West Virginia,0.00586613480377779
677,40,54,49,54049,Marion,29977,0,2026-10-01T16:25:32Z,West Virginia,0
678,40,54,51,54051,Marshall,17260,58,2026-10-01T16:25:16Z,West Virginia,0.33603707995365006
679,40,54,53,54053,Mason,14649,1,2026-10-01T16:25:16Z,West Virginia,0.00682640453273261
680,40,54,47,54047,Mcdowell,10239,0,2026-10-01T16:25:16Z,West Virginia,0
681,40,54,55,54055,Mercer,33242,0,2026-10-01T16:25:16Z,West Virginia,0
682,40,54,57,54057,Mineral,15579,0,2026-10-01T16:25:32Z,West Virginia,0
683,40,54,59,54059,Mingo,13027,1,2026-10-01T16:25:16Z,West Virginia,0.007676364473785215
684,40,54,61,54061,Monongalia,56307,0,2026-10-01T16:25:32Z,West Virginia,0
685,40,54,63,54063,Monroe,8399,0,2026-10-01T16:25:32Z,West Virginia,0
687,40,54,65,54065,Morgan,11189,0,2026-10-01T16:25:32Z,West Virginia,0
688,40,54,67,54067,Nicholas,14331,0,2026-10-01T16:25:32Z,West Virginia,0
689,40,54,69,54069,Ohio,22748,1,2026-10-01T16:25:16Z,West Virginia,0.004395990856339019
690,40,54,71,54071,Pendleton,6014,0,2026-10-01T16:25:32Z,West Virginia,0
691,40,54,73,54073,Pleasants,3980,0,2026-10-01T16:25:32Z,West Virginia,0
692,40,54,75,54075,Pocahontas,9927,1,2026-10-01T16:25:32Z,West Virginia,0.010073536818777071
693,40,54,77,54077,Preston,18790,0,2026-10-01T16:25:32Z,West Virginia,0
694,40,54,79,54079,Putnam,29645,8,2026-10-01T16:25:16Z,West Virginia,0.026986001011975038
695,40,54,81,54081,Raleigh,38311,1,2026-10-01T16:25:16Z,West Virginia,0.002610216386938477
696,40,54,83,54083,Randolph,16613,0,2026-10-01T16:25:32Z,West Virginia,0
697,40,54,85,54085,Ritchie,6405,0,2026-10-01T16:25:32Z,West Virginia,0
698,40,54,87,54087,Roane,8392,1,2026-10-01T16:25:32Z,West Virginia,0.011916110581506196
700,40,54,89,54089,Summers,8214,2,2026-10-01T16:25:32Z,West Virginia,0.024348672997321647
701,40,54,91,54091,Taylor,8404,0,2026-10-01T16:25:32Z,West Virginia,0
702,40,54,93,54093,Tucker,6219,0,2026-10-01T16:25:32Z,West Virginia,0
703,40,54,95,54095,Tyler,5747,0,2026-10-01T16:25:32Z,West Virginia,0
704,40,54,97,54097,Upshur,17053,0,2026-10-01T16:25:32Z,West Virginia,0
705,40,54,99,54099,Wayne,22141,1,2026-10-01T16:25:16Z,West Virginia,0.004516507836141096
706,40,54,101,54101,Webster,15854,1,2026-10-01T16:25:32Z,West Virginia,0.006307556452630251
707,40,54,103,54103,Wetzel,7252,0,2026-10-01T16:25:32Z,West Virginia,0
708,40,54,105,54105,Wirt,3943,0,2026-10-01T16:25:32Z,West Virginia,0
709,40,54,107,54107,Wood,45253,0,2026-10-01T16:25:32Z,West Virginia,0
710,40,54,109,54109,Wyoming,10124,0,2026-10-01T16:25:16Z,West Virginia,0
711,41,42,1,42001,Adams,51585,0,2026-10-01T16:25:31Z,Pennsylvania,0
712,41,42,3,42003,Allegheny,650823,0,2026-10-01T16:25:31Z,Pennsylvania,0
713,41,42,5,42005,Armstrong,37623,0,2026-10-01T16:25:31Z,Pennsylvania,0
714,41,42,7,42007,Beaver,88154,0,2026-10-01T16:25:31Z,Pennsylvania,0
715,41,42,9,42009,Bedford,16926,0,2026-10-01T16:25:31Z,Pennsylvania,0
716,41,42,11,42011,Berks,197463,96,2026-10-01T16:25:31Z,Pennsylvania,0.048616702875981826
717,41,42,13,42013,Blair,56368,197,2026-10-01T16:25:31Z,Pennsylvania,0.34948907181379507
718,41,42,15,42015,Bradford,33573,0,2026-10-01T16:25:31Z,Pennsylvania,0
719,41,42,17,42017,Bucks,271348,91,2026-10-01T16:25:31Z,Pennsylvania,0.033536270766690746
720,41,42,19,42019,Butler,98028,0,2026-10-01T16:25:31Z,Pennsylvania,0
721,41,42,21,42021,Cambria,70042,5,2026-10-01T16:25:31Z,Pennsylvania,0.0071385739984580684
722,41,42,23,42023,Cameron,4434,0,2026-10-01T16:25:31Z,Pennsylvania,0
723,41,42,27,42027,Centre,69854,0,2026-10-01T16:25:31Z,Pennsylvania,0
724,41,42,29,42029,Chester,236279,25,2026-10-01T16:25:31Z,Pennsylvania,0.010580711785643244
725,41,42,31,42031,Clarion,22439,0,2026-10-01T16:25:31Z,Pennsylvania,0
726,41,42,33,42033,Clearfield,42979,46,2026-10-01T16:25:31Z,Pennsylvania,0.10702901416971078
727,41,42,35,42035,Clinton,30632,2,2026-10-01T16:25:31Z,Pennsylvania,0.006529119874640899
728,41,42,39,42039,Crawford,46687,51,2026-10-01T16:25:31Z,Pennsylvania,0.10923811767729774
729,41,42,41,42041,Cumberland,133308,36,2026-10-01T16:25:31Z,Pennsylvania,0.027005130974885227
730,41,42,43,42043,Dauphin,147969,1,2026-10-01T16:25:31Z,Pennsylvania,6.758172319877812e-4
731,41,42,45,42045,Delaware,239838,95,2026-10-01T16:21:05Z,Pennsylvania,0.03961007013067154
732,41,42,47,42047,Elk,19762,0,2026-10-01T16:25:31Z,Pennsylvania,0
733,41,42,49,42049,Erie,126054,25,2026-10-01T16:25:31Z,Pennsylvania,0.019832770082662987
734,41,42,51,42051,Fayette,71152,101,2026-10-01T16:25:31Z,Pennsylvania,0.1419496289633461
735,41,42,53,42053,Forest,9494,7,2026-10-01T16:25:31Z,Pennsylvania,0.07373077733305244
736,41,42,55,42055,Franklin,65343,89,2026-10-01T16:25:31Z,Pennsylvania,0.13620433711338628
737,41,42,57,42057,Fulton,6388,0,2026-10-01T16:25:31Z,Pennsylvania,0
738,41,42,59,42059,Greene,19173,1,2026-10-01T16:25:31Z,Pennsylvania,0.005215667866270275
739,41,42,61,42061,Huntingdon,13715,5,2026-10-01T16:25:31Z,Pennsylvania,0.03645643456069996
740,41,42,63,42063,Indiana,43818,0,2026-10-01T16:25:31Z,Pennsylvania,0
741,41,42,65,42065,Jefferson,24574,0,2026-10-01T16:25:31Z,Pennsylvania,0
742,41,42,67,42067,Juniata,25025,0,2026-10-01T16:25:31Z,Pennsylvania,0
743,41,42,71,42071,Lancaster,263809,32,2026-10-01T16:25:31Z,Pennsylvania,0.012129987983730653
744,41,42,73,42073,Lawrence,37480,30,2026-10-01T16:25:31Z,Pennsylvania,0.08004268943436499
745,41,42,75,42075,Lebanon,65756,0,2026-10-01T16:25:31Z,Pennsylvania,0
746,41,42,77,42077,Lehigh,184497,41,2026-10-01T16:25:31Z,Pennsylvania,0.022222583565044418
747,41,42,81,42081,Lycoming,86128,10,2026-10-01T16:25:31Z,Pennsylvania,0.011610626044956343
748,41,42,83,42083,Mckean,21425,0,2026-10-01T16:25:31Z,Pennsylvania,0
749,41,42,85,42085,Mercer,52234,38,2026-10-01T16:25:31Z,Pennsylvania,0.07274955010146647
750,41,42,87,42087,Mifflin,22227,0,2026-10-01T16:25:31Z,Pennsylvania,0
751,41,42,89,42089,Monroe,99984,54,2026-10-01T16:25:31Z,Pennsylvania,0.054008641382621216
752,41,42,91,42091,Montgomery,352036,198,2026-10-01T16:25:31Z,Pennsylvania,0.056244247747389474
753,41,42,95,42095,Northampton,158363,567,2026-10-01T16:25:31Z,Pennsylvania,0.3580381781097858
754,41,42,97,42097,Northumberland,84715,19,2026-10-01T16:21:09Z,Pennsylvania,0.022428141415333766
755,41,42,99,42099,Perry,45000,2,2026-10-01T16:25:31Z,Pennsylvania,0.0044444444444444444
756,41,42,101,42101,Philadelphia,696427,765,2026-10-01T16:21:05Z,Pennsylvania,0.10984640170470128
757,41,42,103,42103,Pike,42154,19,2026-10-01T16:25:31Z,Pennsylvania,0.04507282820135693
758,41,42,105,42105,Potter,13459,0,2026-10-01T16:25:31Z,Pennsylvania,0
759,41,42,111,42111,Somerset,41995,5,2026-10-01T16:25:31Z,Pennsylvania,0.011906179307060364
760,41,42,113,42113,Sullivan,6777,0,2026-10-01T16:25:31Z,Pennsylvania,0
761,41,42,115,42115,Susquehanna,28606,3,2026-10-01T16:25:31Z,Pennsylvania,0.010487310354471091
762,41,42,117,42117,Tioga,24484,41,2026-10-01T16:25:31Z,Pennsylvania,0.16745629799052442
763,41,42,121,42121,Venango,29920,0,2026-10-01T16:25:31Z,Pennsylvania,0
764,41,42,123,42123,Warren,33214,4,2026-10-01T16:25:31Z,Pennsylvania,0.012043114349370748
765,41,42,125,42125,Washington,110392,17,2026-10-01T16:25:31Z,Pennsylvania,0.015399666642510327
766,41,42,127,42127,Wayne,55163,0,2026-10-01T16:25:31Z,Pennsylvania,0
767,41,42,129,42129,Westmoreland,186498,2,2026-10-01T16:25:31Z,Pennsylvania,0.001072397559223155
768,41,42,131,42131,Wyoming,19264,0,2026-10-01T16:25:31Z,Pennsylvania,0
769,41,42,133,42133,York,210437,7,2026-10-01T16:25:31Z,Pennsylvania,0.003326411229964312
899,41,42,107,42107,Schuylkill,135411,2,2026-10-01T16:21:09Z,Pennsylvania,0.001476984883059722
904,41,42,79,42079,Luzerne,187155,37,2026-10-01T16:21:09Z,Pennsylvania,0.019769709598995485
952,41,42,93,42093,Montour,18441,0,2026-09-30T13:51:08Z,Pennsylvania,0
967,41,42,109,42109,Snyder,31333,0,2026-09-30T18:21:07Z,Pennsylvania,0
973,41,42,25,42025,Carbon,56213,9,2026-10-01T16:21:09Z,Pennsylvania,0.01601053137174675
975,41,42,37,42037,Columbia,63838,8,2026-10-01T16:21:09Z,Pennsylvania,0.012531720918575144
1012,41,42,119,42119,Union,29690,0,2026-10-01T16:21:06Z,Pennsylvania,0
1021,41,42,69,42069,Lackawanna,142772,4,2026-10-01T16:21:09Z,Pennsylvania,0.002801669795197938
2430,41,42,NA,NA,Unknown,9141,0,2026-09-27T02:01:11Z,Pennsylvania,0
770,42,24,1,24001,Allegany,37034,0,2026-10-01T16:25:31Z,Maryland,0
771,42,24,11,24011,Caroline,8311,0,2026-10-01T16:25:15Z,Maryland,0
772,42,24,13,24013,Carroll,76614,0,2026-10-01T16:25:31Z,Maryland,0
773,42,24,15,24015,Cecil,48915,1,2026-10-01T16:25:15Z,Maryland,0.002044362669937647
774,42,24,19,24019,Dorchester,14648,0,2026-10-01T16:25:15Z,Maryland,0
775,42,24,21,24021,Frederick,120110,28,2026-10-01T16:25:31Z,Maryland,0.023311964032969777
776,42,24,23,24023,Garrett,22217,1,2026-10-01T16:25:31Z,Maryland,0.004501057748570914
777,42,24,25,24025,Harford,116569,272,2026-10-01T16:25:15Z,Maryland,0.23333819454571972
778,42,24,27,24027,Howard,140066,21,2026-10-01T16:25:31Z,Maryland,0.014992931903531194
779,42,24,29,24029,Kent,10660,0,2026-10-01T16:25:15Z,Maryland,0
780,42,24,31,24031,Montgomery,390760,131,2026-10-01T16:25:31Z,Maryland,0.03352441396253455
781,42,24,35,24035,Queen Anne's,25800,0,2026-10-01T16:25:15Z,Maryland,0
782,42,24,39,24039,Somerset,8849,0,2026-10-01T16:25:15Z,Maryland,0
783,42,24,41,24041,Talbot,5843,0,2026-10-01T16:25:15Z,Maryland,0
784,42,24,43,24043,Washington,54528,0,2026-10-01T16:25:31Z,Maryland,0
785,42,24,45,24045,Wicomico,42835,0,2026-10-01T16:25:15Z,Maryland,0
786,42,24,47,24047,Worcester,45530,0,2026-10-01T16:25:15Z,Maryland,0
1212,42,24,3,24003,Anne Arundel,265239,1,2026-10-01T16:21:12Z,Maryland,3.7701846259411326e-4
1213,42,24,5,24005,Baltimore,377956,22,2026-10-01T16:21:12Z,Maryland,0.005820783371609394
1214,42,24,510,24510,Baltimore City,285935,15,2026-10-01T16:21:12Z,Maryland,0.0052459475055519605
1215,42,24,9,24009,Calvert,42196,159,2026-10-01T16:21:13Z,Maryland,0.37681296805384396
1217,42,24,33,24033,Prince George's,359950,13,2026-10-01T16:21:13Z,Maryland,0.0036116127239894428
2428,42,24,17,24017,Charles,77798,10,2026-10-01T16:21:13Z,Maryland,0.012853800868916937
2429,42,24,37,24037,St. Mary's,55584,0,2026-10-01T16:21:13Z,Maryland,0
7209,42,24,NA,NA,Unknown,1,0,2026-10-01T16:21:06Z,Maryland,0
787,43,36,1,36001,Albany,154956,22,2026-10-01T16:25:30Z,New York,0.014197578667492708
788,43,36,3,36003,Allegany,22420,1,2026-10-01T16:25:30Z,New York,0.0044603033006244425
789,43,36,9,36009,Cattaraugus,37296,1,2026-10-01T16:25:30Z,New York,0.0026812526812526813
790,43,36,11,36011,Cayuga,39493,0,2026-10-01T16:25:30Z,New York,0
791,43,36,13,36013,Chautauqua,47302,3,2026-10-01T16:25:30Z,New York,0.006342226544332164
792,43,36,15,36015,Chemung,39963,23,2026-10-01T16:25:31Z,New York,0.05755323674398819
793,43,36,17,36017,Chenango,23812,0,2026-10-01T16:25:30Z,New York,0
794,43,36,19,36019,Clinton,29859,0,2026-10-01T16:25:30Z,New York,0
795,43,36,21,36021,Columbia,38260,5,2026-10-01T16:25:30Z,New York,0.013068478829064296
796,43,36,23,36023,Cortland,21480,0,2026-10-01T16:25:30Z,New York,0
797,43,36,25,36025,Delaware,32892,0,2026-10-01T16:25:31Z,New York,0
798,43,36,27,36027,Dutchess,141000,12,2026-10-01T16:21:03Z,New York,0.00851063829787234
799,43,36,29,36029,Erie,444956,24,2026-10-01T16:25:30Z,New York,0.0053937917457006984
800,43,36,31,36031,Essex,23106,3,2026-10-01T16:25:30Z,New York,0.012983640612827837
801,43,36,33,36033,Franklin,22862,1,2026-10-01T16:25:30Z,New York,0.004374070510016622
802,43,36,35,36035,Fulton,30364,1,2026-10-01T16:25:30Z,New York,0.003293373732051113
803,43,36,37,36037,Genesee,29083,0,2026-10-01T16:25:30Z,New York,0
804,43,36,39,36039,Greene,33628,1,2026-10-01T16:21:03Z,New York,0.0029737123825383607
805,43,36,41,36041,Hamilton,8102,0,2026-10-01T16:25:30Z,New York,0
806,43,36,43,36043,Herkimer,27063,0,2026-10-01T16:25:30Z,New York,0
807,43,36,45,36045,Jefferson,58317,1,2026-10-01T16:25:30Z,New York,0.0017147658487233568
808,43,36,49,36049,Lewis,15154,2,2026-10-01T16:25:30Z,New York,0.013197835554968985
809,43,36,51,36051,Livingston,30375,1,2026-10-01T16:25:30Z,New York,0.003292181069958848
810,43,36,53,36053,Madison,30631,0,2026-10-01T16:25:30Z,New York,0
811,43,36,55,36055,Monroe,325750,289,2026-10-01T16:25:30Z,New York,0.08871834228702993
812,43,36,57,36057,Montgomery,24073,0,2026-10-01T16:25:30Z,New York,0
813,43,36,59,36059,Nassau,480040,118,2026-10-01T16:21:03Z,New York,0.024581284892925586
814,43,36,63,36063,Niagara,103691,0,2026-10-01T16:25:30Z,New York,0
815,43,36,65,36065,Oneida,104435,0,2026-10-01T16:25:30Z,New York,0
816,43,36,67,36067,Onondaga,212241,3,2026-10-01T16:25:30Z,New York,0.001413487497703083
817,43,36,69,36069,Ontario,58993,66,2026-10-01T16:25:30Z,New York,0.11187768040275967
818,43,36,71,36071,Orange,171513,4,2026-10-01T16:25:14Z,New York,0.0023321847323526496
819,43,36,73,36073,Orleans,19637,0,2026-10-01T16:25:30Z,New York,0
820,43,36,75,36075,Oswego,57489,0,2026-10-01T16:25:30Z,New York,0
821,43,36,77,36077,Otsego,33379,43,2026-10-01T16:25:30Z,New York,0.12882351178884927
822,43,36,79,36079,Putnam,44835,16,2026-10-01T16:21:05Z,New York,0.03568640570982491
823,43,36,83,36083,Rensselaer,80054,42,2026-10-01T16:25:30Z,New York,0.052464586404177185
825,43,36,87,36087,Rockland,122475,23,2026-10-01T16:25:14Z,New York,0.018779342723004695
826,43,36,91,36091,Saratoga,124944,1,2026-10-01T16:25:30Z,New York,8.003585606351645e-4
827,43,36,93,36093,Schenectady,74677,32,2026-10-01T16:25:30Z,New York,0.042851212555405284
828,43,36,95,36095,Schoharie,17225,0,2026-10-01T16:25:30Z,New York,0
829,43,36,89,36089,St. Lawrence,43912,0,2026-10-01T16:25:30Z,New York,0
830,43,36,103,36103,Suffolk,640909,172,2026-10-01T16:21:03Z,New York,0.02683688323927422
831,43,36,105,36105,Sullivan,60961,74,2026-10-01T16:25:14Z,New York,0.121389084824724
832,43,36,107,36107,Tioga,24013,0,2026-10-01T16:25:31Z,New York,0
833,43,36,111,36111,Ulster,98617,0,2026-10-01T16:25:14Z,New York,0
834,43,36,113,36113,Warren,45880,36,2026-10-01T16:25:30Z,New York,0.07846556233653007
835,43,36,115,36115,Washington,32115,25,2026-10-01T16:25:30Z,New York,0.07784524365561264
836,43,36,121,36121,Wyoming,17109,0,2026-10-01T16:25:30Z,New York,0
890,43,36,97,36097,Schuyler,10110,0,2026-10-01T16:21:04Z,New York,0
905,43,36,7,36007,Broome,91434,11,2026-10-01T16:21:05Z,New York,0.012030535686943587
941,43,36,119,36119,Westchester,401744,111,2026-10-01T16:21:05Z,New York,0.027629535226412844
956,43,36,101,36101,Steuben,48100,0,2026-10-01T16:21:08Z,New York,0
1011,43,36,123,36123,Yates,11949,0,2026-09-30T17:11:11Z,New York,0
1031,43,36,109,36109,Tompkins,49449,17,2026-10-01T16:21:05Z,New York,0.03437885498190055
1052,43,36,99,36099,Seneca,17802,2,2026-10-01T16:21:05Z,New York,0.011234692731153803
1074,43,36,117,36117,Wayne,46070,0,2026-10-01T15:31:06Z,New York,0
2246,43,36,5,36005,Bronx,481928,1,2026-10-01T16:21:04Z,New York,2.0749987550007469e-4
2247,43,36,47,36047,Brooklyn,965878,50,2026-10-01T16:21:04Z,New York,0.005176637215052004
2248,43,36,61,36061,Manhattan,758956,0,2026-10-01T16:21:04Z,New York,0
2249,43,36,81,36081,Queens,906320,9,2026-10-01T16:21:04Z,New York,9.93026745520346e-4
2250,43,36,85,36085,Staten Island,183590,5,2026-10-01T16:21:04Z,New York,0.002723459883435917
5280,43,36,NA,NA,Unknown,733,0,2026-09-15T01:11:06Z,New York,0
6959,43,36,NA,NA,Fairfield,42,0,2025-12-19T08:13:12Z,New York,0
837,44,10,1,10001,Kent,21300,0,2026-10-01T16:25:15Z,Delaware,0
839,44,10,3,10003,New Castle,233840,15,2026-10-01T16:25:15Z,Delaware,0.006414642490591858
840,44,10,5,10005,Sussex,86025,5,2026-10-01T16:25:15Z,Delaware,0.005812263876780006
842,45,34,1,34001,Atlantic,140217,12,2026-10-01T16:21:13Z,New Jersey,0.008558163418130468
843,45,34,3,34003,Bergen,409700,41,2026-10-01T16:25:15Z,New Jersey,0.010007322431047109
844,45,34,5,34005,Burlington,209954,2,2026-10-01T16:25:32Z,New Jersey,9.525896148680187e-4
845,45,34,7,34007,Camden,227800,1,2026-10-01T16:21:14Z,New Jersey,4.389815627743635e-4
846,45,34,9,34009,Cape May,113837,1,2026-10-01T16:21:13Z,New Jersey,8.784490104271897e-4
847,45,34,11,34011,Cumberland,64372,3,2026-10-01T16:21:13Z,New Jersey,0.004660411358975952
848,45,34,13,34013,Essex,368337,18,2026-10-01T16:25:32Z,New Jersey,0.004886829180885982
849,45,34,15,34015,Gloucester,132098,1,2026-10-01T16:21:14Z,New Jersey,7.570137322291026e-4
850,45,34,17,34017,Hudson,358784,409,2026-10-01T16:21:14Z,New Jersey,0.1139961648234035
851,45,34,19,34019,Hunterdon,61711,1,2026-10-01T16:25:32Z,New Jersey,0.0016204566446824714
852,45,34,21,34021,Mercer,166860,252,2026-10-01T16:25:32Z,New Jersey,0.15102481121898598
853,45,34,23,34023,Middlesex,346151,35,2026-10-01T16:25:32Z,New Jersey,0.010111194247597146
854,45,34,25,34025,Monmouth,298797,19,2026-10-01T16:25:32Z,New Jersey,0.006358832250658474
855,45,34,27,34027,Morris,209508,3,2026-10-01T16:25:32Z,New Jersey,0.0014319262271607768
856,45,34,29,34029,Ocean,316653,11,2026-10-01T16:25:32Z,New Jersey,0.0034738341338941994
857,45,34,31,34031,Passaic,202687,2,2026-10-01T16:25:32Z,New Jersey,9.86743106365973e-4
859,45,34,33,34033,Salem,31375,9,2026-10-01T16:21:13Z,New Jersey,0.028685258964143423
860,45,34,35,34035,Somerset,151507,5,2026-10-01T16:25:32Z,New Jersey,0.003300177549552166
861,45,34,37,34037,Sussex,70848,6,2026-10-01T16:25:32Z,New Jersey,0.008468834688346883
862,45,34,39,34039,Union,235619,11,2026-10-01T16:25:32Z,New Jersey,0.004668553894210569
863,45,34,41,34041,Warren,53379,0,2026-10-01T16:25:32Z,New Jersey,0
865,46,25,3,25003,Berkshire,76964,22,2026-10-01T16:25:30Z,Massachusetts,0.028584792890182422
866,46,25,5,25005,Bristol,205572,0,2026-10-01T16:25:30Z,Massachusetts,0
867,46,25,9,25009,Essex,281367,2,2026-10-01T16:25:30Z,Massachusetts,7.108154118997608e-4
869,46,25,11,25011,Franklin,38817,2,2026-10-01T16:25:30Z,Massachusetts,0.005152381688435479
870,46,25,13,25013,Hampden,169589,40,2026-10-01T16:25:30Z,Massachusetts,0.023586435440977892
871,46,25,15,25015,Hampshire,65027,1,2026-10-01T16:25:30Z,Massachusetts,0.0015378227505497717
874,46,25,17,25017,Middlesex,634124,53,2026-10-01T16:25:30Z,Massachusetts,0.008357986765995295
875,46,25,19,25019,Nantucket,14604,0,2026-10-01T16:25:30Z,Massachusetts,0
876,46,25,21,25021,Norfolk,272655,2,2026-10-01T16:25:30Z,Massachusetts,7.335277181786506e-4
877,46,25,23,25023,Plymouth,212443,5,2026-10-01T16:25:30Z,Massachusetts,0.002353572487679048
879,46,25,25,25025,Suffolk,394434,7,2026-10-01T16:25:30Z,Massachusetts,0.0017746948792446897
882,46,25,27,25027,Worcester,312841,5,2026-10-01T16:25:30Z,Massachusetts,0.0015982559830712726
2400,46,25,1,25001,Barnstable,182641,11,2026-10-01T16:20:58Z,Massachusetts,0.006022744071703505
2401,46,25,7,25007,Dukes,19319,0,2026-10-01T16:20:58Z,Massachusetts,0
6558,46,25,NA,NA,Unknown,156,0,2026-09-28T19:01:06Z,Massachusetts,0
7214,46,25,NA,NA,Madison,1,0,2026-09-30T20:06:44Z,Massachusetts,0
2402,47,9,1,09001,Fairfield,426952,2057,2026-10-01T16:21:01Z,Connecticut,0.481787179823493
2403,47,9,3,09003,Hartford,436619,33,2026-10-01T16:21:00Z,Connecticut,0.00755807695038466
2404,47,9,5,09005,Litchfield,102099,22,2026-10-01T16:21:00Z,Connecticut,0.021547713493765854
2405,47,9,7,09007,Middlesex,87775,3,2026-10-01T16:21:00Z,Connecticut,0.003417829678154372
2406,47,9,9,09009,New Haven,392282,598,2026-10-01T16:21:00Z,Connecticut,0.15244135596331213
2407,47,9,11,09011,New London,100975,3,2026-10-01T16:21:00Z,Connecticut,0.0029710324337707352
2408,47,9,13,09013,Tolland,68831,7,2026-10-01T16:21:00Z,Connecticut,0.010169836265636122
2409,47,9,NA,NA,Unknown,876,0,2026-10-01T16:21:00Z,Connecticut,0
2410,47,9,15,09015,Windham,57133,1,2026-10-01T16:21:00Z,Connecticut,0.0017503019270824216
884,48,44,1,44001,Bristol,31139,0,2026-10-01T16:21:02Z,Rhode Island,0
885,48,44,3,44003,Kent,82199,0,2026-10-01T16:21:02Z,Rhode Island,0
886,48,44,5,44005,Newport,48864,0,2026-10-01T16:21:02Z,Rhode Island,0
887,48,44,7,44007,Providence,289050,1,2026-10-01T16:21:02Z,Rhode Island,3.459609064175748e-4
888,48,44,9,44009,Washington,75942,1,2026-10-01T16:21:02Z,Rhode Island,0.0013167943957230518
3112,49,15,3,15003,Honolulu,310336,17,2026-10-01T16:25:07Z,Hawaii,0.005477933594555578
4275,49,15,7,15007,Kauai,36965,183,2026-10-01T16:25:08Z,Hawaii,0.49506289733531716
5268,49,15,9,15009,Maui,71678,333,2026-10-01T16:25:07Z,Hawaii,0.464577694690142
5287,49,15,1,15001,Hawaii,90522,3,2026-10-01T16:25:08Z,Hawaii,0.003314111486710413
5836,49,15,NA,NA,Unknown,60,2,2026-10-01T16:25:08Z,Hawaii,3.3333333333333335
6658,49,15,5,15005,Kalawao,0,0,1900-01-01T00:00:00Z,Hawaii,NA
3392,50,2,20,02020,Anchorage,127305,11,2026-10-01T16:25:11Z,Alaska,0.008640666116806096
3398,50,2,66,02066,Copper River,0,0,2022-03-25T13:38:51Z,Alaska,NA
3400,50,2,122,02122,Kenai Peninsula,6043,0,2026-09-28T22:15:17Z,Alaska,0
3609,50,2,NA,NA,Unknown,1679,0,2026-03-30T21:34:20Z,Alaska,0
3884,50,2,90,02090,Fairbanks North Star,49890,0,2026-10-01T01:44:53Z,Alaska,0
3885,50,2,68,02068,Denali,4335,0,2026-10-01T04:55:07Z,Alaska,0
3886,50,2,240,02240,Southeast Fairbanks,4550,0,2026-09-27T04:15:25Z,Alaska,0
3892,50,2,290,02290,Yukon-koyukuk,537,0,2026-09-17T09:05:22Z,Alaska,0
4849,50,2,170,02170,Matanuska-susitna,56710,0,2026-10-01T16:25:11Z,Alaska,0
5810,50,2,63,02063,Chugach,2880,0,2026-09-10T21:36:39Z,Alaska,0
6620,50,2,150,02150,Kodiak Island,6171,0,2026-10-01T16:25:11Z,Alaska,0
6633,50,2,13,02013,Aleutians East,0,0,1900-01-01T00:00:00Z,Alaska,NA
6634,50,2,16,02016,Aleutians West,0,0,1900-01-01T00:00:00Z,Alaska,NA
6635,50,2,50,02050,Bethel,0,0,1900-01-01T00:00:00Z,Alaska,NA
6636,50,2,60,02060,Bristol Bay,0,0,1900-01-01T00:00:00Z,Alaska,NA
6637,50,2,70,02070,Dillingham,0,0,1900-01-01T00:00:00Z,Alaska,NA
6638,50,2,100,02100,Haines,0,0,1900-01-01T00:00:00Z,Alaska,NA
6639,50,2,105,02105,Hoonah-Angoon,0,0,1900-01-01T00:00:00Z,Alaska,NA
6640,50,2,110,02110,Juneau,0,0,1900-01-01T00:00:00Z,Alaska,NA
6641,50,2,130,02130,Ketchikan Gateway,0,0,1900-01-01T00:00:00Z,Alaska,NA
6642,50,2,158,02158,Kusilvak,0,0,1900-01-01T00:00:00Z,Alaska,NA
6643,50,2,164,02164,Lake and Peninsula,0,0,1900-01-01T00:00:00Z,Alaska,NA
6644,50,2,180,02180,Nome,0,0,1900-01-01T00:00:00Z,Alaska,NA
6645,50,2,185,02185,North Slope,0,0,1900-01-01T00:00:00Z,Alaska,NA
6646,50,2,188,02188,Northwest Arctic,0,0,1900-01-01T00:00:00Z,Alaska,NA
6647,50,2,195,02195,Petersburg,0,0,1900-01-01T00:00:00Z,Alaska,NA
6648,50,2,198,02198,Prince of Wales-Hyder,0,0,1900-01-01T00:00:00Z,Alaska,NA
6649,50,2,220,02220,Sitka,0,0,1900-01-01T00:00:00Z,Alaska,NA
6650,50,2,230,02230,Skagway,0,0,1900-01-01T00:00:00Z,Alaska,NA
6651,50,2,275,02275,Wrangell,0,0,1900-01-01T00:00:00Z,Alaska,NA
6652,50,2,282,02282,Yakutat,0,0,1900-01-01T00:00:00Z,Alaska,NA
5140,51,78,10,78010,St. Croix,24138,4,2026-10-01T16:27:55Z,Virgin Islands,0.01657138122462507
5145,51,78,30,78030,St. Thomas,25054,25,2026-10-01T16:27:55Z,Virgin Islands,0.0997844655544025
5151,51,78,20,78020,St. John,3417,0,2026-09-27T19:12:13Z,Virgin Islands,0
5273,51,78,NA,NA,Unknown,12508,0,2026-07-13T20:06:28Z,Virgin Islands,0
6977,51,78,NA,NA,VI,747,0,2026-05-25T13:18:31Z,Virgin Islands,0
1220,52,11,1,11001,District Of Columbia,323938,1,2026-10-01T16:21:12Z,District of Columbia,3.08701047731356e-4
5468,54,72,NA,NA,Arecibo Region,177369,724,2026-10-01T16:27:54Z,Puerto Rico,0.4081885786129481
5469,54,72,NA,NA,Bayamon Region,216496,2136,2026-10-01T16:27:54Z,Puerto Rico,0.9866233094375877
5470,54,72,NA,NA,Caguas Region,250514,1457,2026-10-01T16:27:54Z,Puerto Rico,0.5816042217201434
5471,54,72,NA,NA,Carolina Region,141663,3687,2026-10-01T16:27:54Z,Puerto Rico,2.602655598144893
5472,54,72,NA,NA,Mayaguez Region,216605,1665,2026-10-01T16:27:54Z,Puerto Rico,0.7686803167055238
5473,54,72,NA,NA,Ponce Region,212508,779,2026-10-01T16:27:54Z,Puerto Rico,0.36657443484480584
5474,54,72,NA,NA,San Juan Region,253068,3205,2026-10-01T16:27:54Z,Puerto Rico,1.2664580270915327
6712,54,72,1,72001,Adjuntas,0,0,1900-01-01T00:00:00Z,Puerto Rico,NA
6713,54,72,3,72003,Aguada,0,0,1900-01-01T00:00:00Z,Puerto Rico,NA
6714,54,72,5,72005,Aguadilla,0,0,1900-01-01T00:00:00Z,Puerto Rico,NA
6715,54,72,7,72007,Aguas Buenas,0,0,1900-01-01T00:00:00Z,Puerto Rico,NA
6716,54,72,9,72009,Aibonito,0,0,1900-01-01T00:00:00Z,Puerto Rico,NA
6717,54,72,11,72011,Añasco,0,0,1900-01-01T00:00:00Z,Puerto Rico,NA
6719,54,72,15,72015,Arroyo,0,0,1900-01-01T00:00:00Z,Puerto Rico,NA
6720,54,72,17,72017,Barceloneta,0,0,1900-01-01T00:00:00Z,Puerto Rico,NA
6721,54,72,19,72019,Barranquitas,0,0,1900-01-01T00:00:00Z,Puerto Rico,NA
6723,54,72,23,72023,Cabo Rojo,0,0,1900-01-01T00:00:00Z,Puerto Rico,NA
6725,54,72,27,72027,Camuy,0,0,1900-01-01T00:00:00Z,Puerto Rico,NA
6726,54,72,29,72029,Canóvanas,0,0,1900-01-01T00:00:00Z,Puerto Rico,NA
6728,54,72,33,72033,Cataño,0,0,1900-01-01T00:00:00Z,Puerto Rico,NA
6729,54,72,35,72035,Cayey,0,0,1900-01-01T00:00:00Z,Puerto Rico,NA
6730,54,72,37,72037,Ceiba,0,0,1900-01-01T00:00:00Z,Puerto Rico,NA
6731,54,72,39,72039,Ciales,0,0,1900-01-01T00:00:00Z,Puerto Rico,NA
6732,54,72,41,72041,Cidra,0,0,1900-01-01T00:00:00Z,Puerto Rico,NA
6733,54,72,43,72043,Coamo,0,0,1900-01-01T00:00:00Z,Puerto Rico,NA
6734,54,72,45,72045,Comerío,0,0,1900-01-01T00:00:00Z,Puerto Rico,NA
6735,54,72,47,72047,Corozal,0,0,1900-01-01T00:00:00Z,Puerto Rico,NA
6736,54,72,49,72049,Culebra,0,0,1900-01-01T00:00:00Z,Puerto Rico,NA
6737,54,72,51,72051,Dorado,0,0,1900-01-01T00:00:00Z,Puerto Rico,NA
6738,54,72,53,72053,Fajardo,0,0,1900-01-01T00:00:00Z,Puerto Rico,NA
6739,54,72,54,72054,Florida,0,0,1900-01-01T00:00:00Z,Puerto Rico,NA
6740,54,72,55,72055,Guánica,0,0,1900-01-01T00:00:00Z,Puerto Rico,NA
6741,54,72,57,72057,Guayama,0,0,1900-01-01T00:00:00Z,Puerto Rico,NA
6742,54,72,59,72059,Guayanilla,0,0,1900-01-01T00:00:00Z,Puerto Rico,NA
6743,54,72,61,72061,Guaynabo,0,0,1900-01-01T00:00:00Z,Puerto Rico,NA
6744,54,72,63,72063,Gurabo,0,0,1900-01-01T00:00:00Z,Puerto Rico,NA
6745,54,72,65,72065,Hatillo,0,0,1900-01-01T00:00:00Z,Puerto Rico,NA
6746,54,72,67,72067,Hormigueros,0,0,1900-01-01T00:00:00Z,Puerto Rico,NA
6747,54,72,69,72069,Humacao,0,0,1900-01-01T00:00:00Z,Puerto Rico,NA
6748,54,72,71,72071,Isabela,0,0,1900-01-01T00:00:00Z,Puerto Rico,NA
6749,54,72,73,72073,Jayuya,0,0,1900-01-01T00:00:00Z,Puerto Rico,NA
6750,54,72,75,72075,Juana Díaz,0,0,1900-01-01T00:00:00Z,Puerto Rico,NA
6751,54,72,77,72077,Juncos,0,0,1900-01-01T00:00:00Z,Puerto Rico,NA
6752,54,72,79,72079,Lajas,0,0,1900-01-01T00:00:00Z,Puerto Rico,NA
6753,54,72,81,72081,Lares,0,0,1900-01-01T00:00:00Z,Puerto Rico,NA
6754,54,72,83,72083,Las Marías,0,0,1900-01-01T00:00:00Z,Puerto Rico,NA
6755,54,72,85,72085,Las Piedras,0,0,1900-01-01T00:00:00Z,Puerto Rico,NA
6756,54,72,87,72087,Loíza,0,0,1900-01-01T00:00:00Z,Puerto Rico,NA
6757,54,72,89,72089,Luquillo,0,0,1900-01-01T00:00:00Z,Puerto Rico,NA
6758,54,72,91,72091,Manatí,0,0,1900-01-01T00:00:00Z,Puerto Rico,NA
6759,54,72,93,72093,Maricao,0,0,1900-01-01T00:00:00Z,Puerto Rico,NA
6760,54,72,95,72095,Maunabo,0,0,1900-01-01T00:00:00Z,Puerto Rico,NA
6762,54,72,99,72099,Moca,0,0,1900-01-01T00:00:00Z,Puerto Rico,NA
6763,54,72,101,72101,Morovis,0,0,1900-01-01T00:00:00Z,Puerto Rico,NA
6764,54,72,103,72103,Naguabo,0,0,1900-01-01T00:00:00Z,Puerto Rico,NA
6765,54,72,105,72105,Naranjito,0,0,1900-01-01T00:00:00Z,Puerto Rico,NA
6766,54,72,107,72107,Orocovis,0,0,1900-01-01T00:00:00Z,Puerto Rico,NA
6767,54,72,109,72109,Patillas,0,0,1900-01-01T00:00:00Z,Puerto Rico,NA
6768,54,72,111,72111,Peñuelas,0,0,1900-01-01T00:00:00Z,Puerto Rico,NA
6770,54,72,115,72115,Quebradillas,0,0,1900-01-01T00:00:00Z,Puerto Rico,NA
6771,54,72,117,72117,Rincón,0,0,1900-01-01T00:00:00Z,Puerto Rico,NA
6772,54,72,119,72119,Río Grande,0,0,1900-01-01T00:00:00Z,Puerto Rico,NA
6773,54,72,121,72121,Sabana Grande,0,0,1900-01-01T00:00:00Z,Puerto Rico,NA
6774,54,72,123,72123,Salinas,0,0,1900-01-01T00:00:00Z,Puerto Rico,NA
6775,54,72,125,72125,San Germán,0,0,1900-01-01T00:00:00Z,Puerto Rico,NA
6777,54,72,129,72129,San Lorenzo,0,0,1900-01-01T00:00:00Z,Puerto Rico,NA
6778,54,72,131,72131,San Sebastián,0,0,1900-01-01T00:00:00Z,Puerto Rico,NA
6779,54,72,133,72133,Santa Isabel,0,0,1900-01-01T00:00:00Z,Puerto Rico,NA
6780,54,72,135,72135,Toa Alta,0,0,1900-01-01T00:00:00Z,Puerto Rico,NA
6781,54,72,137,72137,Toa Baja,0,0,1900-01-01T00:00:00Z,Puerto Rico,NA
6782,54,72,139,72139,Trujillo Alto,0,0,1900-01-01T00:00:00Z,Puerto Rico,NA
6783,54,72,141,72141,Utuado,0,0,1900-01-01T00:00:00Z,Puerto Rico,NA
6784,54,72,143,72143,Vega Alta,0,0,1900-01-01T00:00:00Z,Puerto Rico,NA
6785,54,72,145,72145,Vega Baja,0,0,1900-01-01T00:00:00Z,Puerto Rico,NA
6786,54,72,147,72147,Vieques,0,0,1900-01-01T00:00:00Z,Puerto Rico,NA
6787,54,72,149,72149,Villalba,0,0,1900-01-01T00:00:00Z,Puerto Rico,NA
6788,54,72,151,72151,Yabucoa,0,0,1900-01-01T00:00:00Z,Puerto Rico,NA
6789,54,72,153,72153,Yauco,0,0,1900-01-01T00:00:00Z,Puerto Rico,NA
6791,54,72,13,72013,Arecibo,0,0,1900-01-01T00:00:00Z,Puerto Rico,NA
6792,54,72,21,72021,Bayamón,0,0,1900-01-01T00:00:00Z,Puerto Rico,NA
6793,54,72,25,72025,Caguas,0,0,1900-01-01T00:00:00Z,Puerto Rico,NA
6794,54,72,31,72031,Carolina,0,0,1900-01-01T00:00:00Z,Puerto Rico,NA
6795,54,72,97,72097,Mayagüez,0,0,1900-01-01T00:00:00Z,Puerto Rico,NA
6796,54,72,113,72113,Ponce,0,0,1900-01-01T00:00:00Z,Puerto Rico,NA
6797,54,72,127,72127,San Juan,0,0,1900-01-01T00:00:00Z,Puerto Rico,NA
